CARACTER;DEPARTAMENTO;MUNICIPIO;ORIGEN;TIPO;1998-1;1998-2;1999-1;1999-2;2000-1;2000-2;2001-1;2001-2;2002-1;2002-2;2003-1;2003-2;2004-1;2004-2;2005-1;2005-2;2006-1;2006-2;2007-1;2007-2;2008-1;2008-2;2009-1;2009-2;2010-1;2010-2;2011-1;2011-2;2012-1;2012-2;2013-1;2013-2;2014-1;2014-2;2015-1;2015-2;2016-1;2016-2;2017-1;2017-2;2018-1;2018-2;2019-1;2019-2;2020-1;2020-2;2021-1;2021-2;2022-1;2022-2;2023-1;2023-2;2024-1;2024-2
Universidad;Antioquia;Medellín;Oficial;DESERTORES;0;0;795;228;724;949;1179;1891;1964;1684;2118;2992;2010;3003;2079;2891;2931;2490;3017;5375;3638;3019;3156;3923;3796;4936;4521;3863;4232;3234;4257;4000;3871;3963;4336;4161;3927;2723;4284;7376;4089;3911;4357;4198;4301;4987;2671;1363;4232;3485;4130;2975;5027;4351
Universidad;Antioquia;Medellín;No oficial;DESERTORES;0;0;3593;1578;2583;2954;2115;2447;2699;3425;2515;3571;2865;3113;3056;3763;2961;3834;3591;3537;3523;4406;4269;3948;3980;4208;4360;4810;4651;4519;4433;4652;5073;5067;5114;5643;5448;5442;5165;5194;5124;4842;4909;4877;4614;4395;4026;3617;3824;4428;4248;3869;3738;3258
Universidad;Antioquia;Andes;Oficial;DESERTORES;;;;0;0;5;2;17;9;1;16;32;27;13;20;11;33;31;31;34;42;32;36;43;67;31;50;85;48;18;53;15;19;82;34;28;52;37;32;50;25;12;19;13;38;13;18;8;16;28;7;;;
Universidad;Antioquia;Santa Fé de Antioquia;Oficial;DESERTORES;;;;;;;;;;;;;;;;0;0;7;4;7;6;3;11;4;21;23;8;64;9;26;18;13;11;18;18;17;7;7;5;5;3;5;3;1;1;8;4;2;2;8;;;;
Universidad;Antioquia;El Carmen de Viboral;Oficial;DESERTORES;;;;0;0;5;8;7;23;20;36;71;38;37;24;55;84;76;72;62;78;62;89;68;126;86;54;81;23;28;39;46;49;68;60;236;50;102;39;142;24;30;46;33;63;22;75;14;31;19;28;10;27;32
Universidad;Antioquia;Caucasia;Oficial;DESERTORES;0;0;9;4;2;1;1;6;0;14;26;8;28;23;21;39;51;53;49;55;55;94;59;45;91;67;38;194;36;46;55;29;30;57;19;16;23;25;13;61;21;23;17;11;18;21;14;9;26;23;8;;;
Universidad;Antioquia;Envigado;No oficial;DESERTORES;0;0;1;41;26;22;40;29;33;11;53;12;34;21;46;35;61;61;94;66;85;93;117;74;123;66;100;67;93;71;94;104;105;74;96;84;107;101;167;115;144;89;104;108;121;68;78;85;126;140;150;113;81;82
Universidad;Antioquia;Puerto Berrío;Oficial;DESERTORES;0;0;0;4;0;1;1;;3;1;4;3;18;14;15;26;14;12;9;7;20;5;7;7;14;17;34;54;9;6;7;6;25;6;14;4;4;2;1;5;1;3;4;2;4;2;9;2;4;2;2;;;
Universidad;Antioquia;Rionegro;No oficial;DESERTORES;0;0;92;176;173;279;206;191;182;244;234;232;190;323;271;282;269;235;242;273;258;213;290;250;290;278;286;261;283;284;499;556;496;464;489;653;552;474;509;508;443;423;405;456;455;429;376;392;395;364;392;376;406;371
Universidad;Antioquia;Turbo;Oficial;DESERTORES;0;0;11;3;5;3;14;5;10;15;9;9;30;30;22;33;34;54;30;33;37;58;93;65;124;94;43;69;58;91;94;129;57;72;74;68;53;51;34;32;15;35;46;27;22;23;20;11;19;14;28;19;28;42
Universidad;Atlántico;Barranquilla;No oficial;DESERTORES;0;0;2071;1501;5826;1778;2570;2516;3559;3096;4098;3841;4518;3524;5369;3162;3559;2648;3464;3626;3802;3601;3828;3944;4076;3888;4340;4059;5793;4807;4173;5314;4055;4159;4703;4479;4351;4408;4359;5641;4419;4105;4479;3800;3731;3971;4294;2570;2894;3014;3202;3309;4321;3385
Universidad;Atlántico;Puerto Colombia;Oficial;DESERTORES;0;0;186;358;200;180;430;1511;354;498;970;872;160;525;823;800;1219;1144;1476;1463;1510;1835;1854;1957;1663;1569;1526;1898;4026;1920;1820;2141;1856;2720;2314;2079;2349;2960;2482;2712;3002;5835;2809;4454;3384;1934;2173;2209;2809;0;2573;1778;1872;1841
Universidad;"Bogotá, d. c.";"Bogotá, D.C.";Oficial;DESERTORES;0;0;1862;3225;3544;3555;4799;4939;5458;5425;6364;7435;9875;8609;8900;14136;10059;6871;7706;10174;6349;15267;13297;12731;15966;15428;16558;16382;15793;17388;17958;18984;20890;20160;19412;17552;18664;17201;22275;19446;21409;16520;17979;18887;17895;19687;15828;16099;15670;16383;20798;22202;26313;24662
Universidad;"Bogotá, d. c.";"Bogotá, D.C.";No oficial;DESERTORES;0;0;8484;5333;8235;6515;7907;7908;13372;8085;11057;12697;14806;14977;14740;14523;15383;15376;15759;26326;19543;22421;23585;22816;24110;24706;23689;29039;23522;27914;25173;27049;24943;26552;27044;25474;25533;25099;27441;25555;25925;23812;22773;21867;22136;21855;22145;16542;17070;18091;18320;18783;17235;16627
Universidad;Bolívar;Cartagena de Indias;Oficial;DESERTORES;0;0;43;61;55;70;50;1143;398;350;463;407;576;541;584;515;633;616;617;1253;1041;792;1327;986;983;984;1644;1499;2000;1962;2110;2411;1886;1656;2234;1995;1887;1808;1811;1667;1536;1548;1593;1713;1472;1426;775;1199;1364;888;1802;1663;2292;1684
Universidad;Bolívar;Cartagena de Indias;No oficial;DESERTORES;0;0;2111;610;411;376;640;638;811;754;799;654;774;619;746;648;665;563;751;705;767;672;868;738;754;863;1058;1131;1286;1264;1458;1056;926;1003;1028;919;1134;951;1124;1220;1236;1233;1191;1276;1324;1265;1353;701;843;821;849;1071;983;992
Universidad;Boyacá;Tunja;Oficial;DESERTORES;0;0;150;126;530;640;517;492;627;667;621;682;755;765;896;782;684;760;1054;1393;1211;1108;2039;1024;1032;1449;1238;1197;1578;1564;1309;1198;1122;1652;1474;1417;1515;1841;2046;1801;2212;1369;1148;1210;1148;1338;973;1443;1354;1411;1613;1197;1293;1233
Universidad;Boyacá;Tunja;No oficial;DESERTORES;0;0;1727;155;188;236;466;308;587;478;577;504;663;729;589;713;499;389;415;296;319;342;435;445;494;446;532;547;561;762;691;645;817;733;759;757;759;701;746;905;918;790;744;700;706;821;742;440;522;560;597;726;709;637
Universidad;Boyacá;Chiquinquirá;Oficial;DESERTORES;0;0;22;18;65;42;9;21;129;17;24;13;17;26;29;21;48;28;54;53;68;57;71;65;56;64;52;56;56;87;45;53;39;50;66;53;38;44;73;52;58;49;43;71;38;50;17;63;165;71;86;52;32;43
Universidad;Boyacá;Duitama;Oficial;DESERTORES;0;0;26;76;73;132;30;1186;92;788;1;26;53;89;86;101;120;110;92;99;170;152;148;140;119;188;201;156;134;306;138;153;130;113;183;115;167;135;186;118;166;175;143;162;119;142;124;167;155;164;162;123;113;92
Universidad;Boyacá;Sogamoso;Oficial;DESERTORES;0;0;8;38;83;160;33;965;107;89;118;91;95;147;138;206;155;107;77;177;200;197;190;125;140;173;180;175;155;342;150;118;134;334;142;74;122;125;177;103;157;128;149;114;92;147;75;148;128;141;230;147;97;135
Universidad;Caldas;Manizales;Oficial;DESERTORES;0;0;29;52;64;107;136;161;189;161;327;624;225;522;538;658;721;980;813;931;666;910;837;809;749;942;853;883;901;1054;971;910;800;1181;982;971;1124;989;1753;1292;1137;1341;1093;1391;1217;2108;1814;678;1883;1740;1102;1433;1033;1393
Universidad;Caldas;Manizales;No oficial;DESERTORES;0;0;1161;401;386;421;457;424;575;513;552;602;500;718;540;523;472;602;397;406;489;579;547;572;673;633;623;801;891;892;864;783;793;1020;809;843;759;1110;974;1590;1065;1218;1240;1372;1078;1131;960;1156;809;1198;824;974;821;863
Universidad;Caquetá;Florencia;Oficial;DESERTORES;0;0;97;22;101;169;271;292;295;224;248;220;244;301;324;285;399;599;619;472;455;534;455;782;486;506;448;410;464;697;434;563;475;965;558;488;572;618;673;803;675;655;583;748;484;845;347;608;755;682;616;624;584;606
Universidad;Cauca;Popayán;Oficial;DESERTORES;0;0;38;52;124;194;236;331;;349;3631;12;396;412;673;781;640;586;704;855;931;535;665;588;636;345;867;791;596;717;550;590;634;824;968;795;704;694;2125;1592;697;1172;667;675;1197;1026;971;92;1339;879;874;949;1198;813
Universidad;Cesar;Valledupar;Oficial;DESERTORES;0;0;119;157;300;368;224;172;452;284;436;658;518;570;755;976;667;951;707;1010;573;645;738;857;819;929;916;842;864;1008;985;1907;913;1164;1574;1219;1078;1115;1356;1345;1234;1630;1211;1454;1134;1061;926;1145;1244;1116;1387;941;957;1228
Universidad;Cesar;Aguachica;Oficial;DESERTORES;0;0;5;50;16;166;41;34;232;24;17;40;54;28;53;65;137;64;63;78;121;95;96;107;134;157;180;152;123;155;119;148;81;174;110;222;125;142;201;141;209;168;210;176;236;171;134;217;254;269;256;200;288;318
Universidad;Cesar;La Paz;Oficial;DESERTORES;;;;;;;;;;;;;;;;;;;;;;;;;;;;;;;;;;;;;;;;;;;;0;0;19;8;16;32;45;42;79;65;67
Universidad;Córdoba;Montería;Oficial;DESERTORES;0;0;315;74;169;229;287;304;354;670;268;320;382;887;482;682;510;516;566;522;798;726;953;798;994;781;1103;879;971;1078;1001;733;687;1043;1038;912;1581;935;2616;954;674;1000;798;1382;1281;544;422;615;852;773;660;629;515;473
Universidad;Córdoba;Montería;No oficial;DESERTORES;0;0;418;214;359;429;464;569;741;684;615;748;659;860;505;668;471;774;461;653;489;651;562;622;564;647;577;666;583;646;646;732;728;593;705;621;726;687;714;847;793;775;770;768;795;824;801;729;717;714;664;632;803;626
Universidad;Cundinamarca;Chía;No oficial;DESERTORES;0;0;96;189;269;342;397;396;475;390;427;102;299;530;653;682;758;662;777;1058;449;358;813;422;442;507;521;449;589;451;508;521;479;388;375;529;393;317;489;373;475;494;634;418;374;290;269;369;192;338;269;385;335;292
Universidad;Cundinamarca;Fusagasugá;Oficial;DESERTORES;0;0;1024;273;408;422;369;276;422;409;491;448;599;554;556;703;671;216;471;1003;569;728;759;683;775;1099;654;664;709;741;614;696;811;889;906;883;941;932;847;1052;1459;851;930;1067;744;777;573;538;919;796;689;833;664;653
Universidad;Cundinamarca;Girardot;Oficial;DESERTORES;0;0;185;127;141;138;129;129;133;117;132;105;172;147;142;162;278;3;145;151;77;91;61;115;153;186;118;141;154;165;133;172;129;201;192;179;210;192;508;157;130;156;160;161;81;88;55;66;73;139;78;67;81;81
Universidad;Cundinamarca;Girardot;No oficial;DESERTORES;0;0;0;2;3;0;3;5;8;11;6;17;83;50;68;48;29;44;38;74;64;40;62;49;91;52;42;53;62;55;87;89;96;93;104;84;113;136;160;143;128;147;107;132;107;123;152;92;70;97;78;82;84;85
Universidad;Cundinamarca;Villa de San Diego de Ubaté;Oficial;DESERTORES;0;0;74;0;44;61;46;29;39;43;54;53;40;53;43;40;79;7;15;61;28;24;43;31;40;47;38;33;43;42;23;28;28;28;28;42;31;37;49;31;40;40;35;35;30;40;30;28;39;36;48;36;40;32
Universidad;Chocó;Quibdó;Oficial;DESERTORES;;;;;;;;;;;;;;;;;0;0;143;139;616;471;526;526;585;615;854;569;855;1013;675;874;893;619;689;676;815;700;954;856;1102;1234;1040;260;1060;1079;564;718;675;1765;889;887;1339;964
Universidad;Huila;Neiva;Oficial;DESERTORES;0;0;202;177;203;154;276;151;217;189;352;280;273;307;326;304;320;294;315;312;351;362;407;416;625;462;637;1077;633;684;643;694;1176;1878;817;646;968;1636;982;782;1025;1052;971;1102;1020;1023;839;1474;1119;1112;1189;873;1129;1119
Universidad;La Guajira;Riohacha;Oficial;DESERTORES;0;0;48;57;211;19;2300;84;204;243;370;355;327;451;588;589;520;537;604;750;873;950;953;712;869;947;995;1083;1040;1000;980;1041;965;1490;1468;1193;1329;1574;1796;2433;1440;1637;1550;1772;2011;;1777;1789;1306;1498;1366;1202;1265;1174
Universidad;Magdalena;Santa Marta;Oficial;DESERTORES;0;0;0;0;34;123;179;145;213;123;209;492;347;411;541;815;958;796;842;915;1052;840;982;1954;1584;1334;1175;1789;1530;1756;1877;2195;1848;2653;1879;1690;2166;2077;1874;1160;1279;1061;968;921;1014;779;328;803;1402;1287;1171;2220;1712;2082
Universidad;Magdalena;Santa Marta;No oficial;DESERTORES;0;0;149;82;190;58;119;594;116;46;58;431;259;410;324;231;321;203;196;244;256;638;483;507;433;449;596;906;464;423;435;499;517;471;440;441;391;405;448;417;493;532;416;437;440;461;544;350;458;371;394;474;482;402
Universidad;Meta;Villavicencio;Oficial;DESERTORES;0;0;68;126;128;201;307;184;241;240;384;327;376;369;371;437;362;416;332;290;353;315;287;494;301;536;318;371;397;441;348;314;301;329;367;317;334;361;442;413;492;484;479;547;365;;555;389;469;481;368;364;391;444
Universidad;Nariño;Pasto;Oficial;DESERTORES;0;0;13;27;25;25;28;39;16;44;23;49;70;96;52;107;92;96;107;113;295;238;342;759;535;810;688;514;514;787;732;765;824;620;693;616;864;671;852;681;813;735;756;693;1010;694;931;537;910;1060;832;857;775;681
Universidad;Nariño;Pasto;No oficial;DESERTORES;;;0;0;25;59;367;537;192;103;111;137;253;194;186;301;181;212;204;253;258;219;425;625;392;289;492;520;452;481;348;359;277;338;302;372;356;357;342;369;365;348;416;360;441;462;518;381;454;332;404;250;321;384
Universidad;Norte de Santander;Cúcuta;Oficial;DESERTORES;0;0;229;2495;743;303;178;352;397;489;608;673;727;1221;633;1106;967;1216;1052;3472;1185;924;852;928;1156;995;1043;1388;1438;1546;2103;1568;1024;1189;1140;1118;844;1014;1575;1133;1079;991;997;970;968;863;405;464;580;981;1265;872;1119;809
Universidad;Norte de Santander;Cúcuta;No oficial;DESERTORES;0;0;29;84;59;130;81;141;51;120;62;146;50;150;28;134;41;161;20;253;29;171;43;190;53;188;95;189;71;194;98;202;81;232;106;206;143;259;148;289;150;307;152;267;149;264;168;261;145;194;128;188;125;196
Universidad;Norte de Santander;Ocaña;Oficial;DESERTORES;0;0;31;29;12;13;18;112;858;442;84;97;575;140;159;277;415;154;571;745;297;354;288;261;402;250;394;352;551;580;440;360;439;657;538;468;579;485;482;435;363;308;311;275;279;258;155;148;207;298;332;298;298;274
Universidad;Norte de Santander;Pamplona;Oficial;DESERTORES;0;0;28;55;47;50;314;184;661;572;692;872;1102;1395;2031;2421;1862;2178;2150;3013;4740;4380;5741;3677;3284;4531;2441;2157;2259;2562;1903;2034;1553;1842;2493;1987;2354;2001;2335;2491;1926;2106;1581;1946;1235;1582;800;1166;1105;1676;1115;1259;1521;1236
Universidad;Quindío;Armenia;Oficial;DESERTORES;0;0;0;0;0;0;169;234;323;284;402;408;476;609;710;767;859;956;844;762;952;826;1321;1521;1203;1706;1589;1362;1357;1436;1429;1476;1443;1615;1554;3314;1832;1525;2691;1904;373;3354;2218;1326;1105;1333;842;1088;1064;1360;1584;1444;1472;1317
Universidad;Quindío;Armenia;No oficial;DESERTORES;0;0;74;121;20;61;91;86;109;160;202;236;162;260;178;308;163;345;191;494;190;141;479;245;273;228;273;214;259;226;220;267;166;267;177;198;219;151;447;233;242;214;201;204;233;214;219;196;257;224;156;229;209;244
Universidad;Risaralda;Pereira;Oficial;DESERTORES;0;0;209;273;201;437;418;340;656;;489;597;704;404;734;881;1094;748;810;834;1019;1013;1174;1175;1312;1189;1547;2074;1439;1883;1324;1297;1598;449;2067;1175;1619;1363;1800;1326;1918;1182;1359;1399;1165;1068;640;1517;1372;1660;1491;1466;1553;1332
Universidad;Risaralda;Pereira;No oficial;DESERTORES;0;0;340;1123;506;286;535;261;652;255;576;293;568;327;475;390;551;322;674;324;409;540;534;568;483;665;602;672;404;612;497;583;476;860;493;581;445;700;793;1040;452;638;398;523;413;559;418;373;392;509;404;489;387;373
Universidad;Santander;Bucaramanga;Oficial;DESERTORES;0;0;39;1;10;3;57;4;307;287;417;473;525;700;704;781;1313;955;993;1047;1341;1158;1215;1236;1475;1304;1251;1474;1482;1311;1590;1496;1313;1188;875;1921;1467;1730;1882;988;1071;1531;1108;1109;994;893;518;693;926;1172;1375;1440;1474;1437
Universidad;Santander;Bucaramanga;No oficial;DESERTORES;0;0;6196;905;1146;1068;1551;1623;1663;1292;1714;1793;2037;1975;1969;1894;1846;2030;1811;1993;2135;2317;2942;2596;3467;3574;3630;4110;3548;5051;4130;3819;4403;3783;3840;4040;4113;3953;4335;4706;4173;3799;3480;3467;3397;3511;3890;2850;2919;3491;2954;3081;3027;3033
Universidad;Santander;Barrancabermeja;No oficial;DESERTORES;0;0;111;19;49;32;61;71;90;69;93;105;102;123;194;183;81;192;139;223;93;87;90;97;111;236;76;112;150;128;98;143;154;154;110;123;109;110;139;132;139;97;78;83;98;102;115;81;100;85;42;46;37;26
Universidad;Santander;Socorro;No oficial;DESERTORES;0;0;27;49;22;73;75;86;45;73;30;66;19;85;32;78;40;92;54;110;58;116;18;146;55;139;64;121;49;147;66;177;65;174;65;148;68;161;88;162;76;172;68;162;91;189;73;162;74;147;41;100;38;93
Universidad;Sucre;Sincelejo;Oficial;DESERTORES;0;0;0;0;0;0;;;;;2;0;53;85;152;124;169;162;177;193;188;315;251;281;242;305;277;313;263;349;361;394;350;656;270;358;252;353;428;436;349;288;276;235;261;247;167;214;299;279;274;295;261;235
Universidad;Tolima;Ibagué;Oficial;DESERTORES;0;0;96;120;134;157;162;62;961;218;419;448;638;1066;662;766;554;937;510;548;804;684;2204;3822;5408;3838;5092;2968;5148;2656;5038;5336;1083;1793;2045;2033;1798;1325;1756;3242;1620;1374;1434;1858;1356;1924;984;1590;2541;3046;3053;1693;1747;1719
Universidad;Tolima;Ibagué;No oficial;DESERTORES;0;0;80;101;137;125;154;166;207;168;215;238;337;324;344;342;389;407;399;385;455;420;536;499;600;519;632;538;615;671;735;646;627;660;682;557;652;578;714;725;706;637;547;521;541;507;446;328;405;397;380;420;371;342
Universidad;Valle del Cauca;Cali;Oficial;DESERTORES;0;0;53;328;172;684;516;1032;1105;1482;1305;1781;1454;1625;1759;2103;2142;2102;2145;10203;1393;1577;2099;3098;1919;1907;2168;1900;2273;1676;2134;1901;1880;1929;2006;1926;1935;1614;1946;1653;1786;1627;2187;2660;2347;1999;1273;2969;1588;2974;2336;2166;2293;2647
Universidad;Valle del Cauca;Cali;No oficial;DESERTORES;0;0;941;2135;2281;2310;2425;2561;2633;2582;2124;2934;2894;2709;3042;2954;2971;2787;2493;3165;2743;3409;3412;4111;3330;3500;3224;4127;3361;3473;3347;3612;3271;4138;3839;3663;3811;3820;4135;4938;6423;4921;4421;3603;3386;4115;3702;2578;2960;2875;3067;3088;3110;3158
Universidad;Valle del Cauca;Buenaventura;Oficial;DESERTORES;;;;;;0;0;32;85;72;69;90;157;164;113;157;109;146;189;188;191;531;214;502;243;227;213;327;219;325;297;127;217;262;240;296;319;364;283;506;272;278;334;369;220;262;217;272;543;405;205;215;264;345
Universidad;Valle del Cauca;Palmira;Oficial;DESERTORES;0;0;50;105;102;122;114;141;72;192;28;204;168;175;214;172;145;163;141;117;216;179;0;194;46;131;126;121;119;147;135;148;164;154;104;124;152;125;144;145;186;150;162;174;136;153;86;132;175;209;145;209;181;151
Universidad;Valle del Cauca;Palmira;No oficial;DESERTORES;;;;;;;;;0;0;5;3;0;21;8;35;22;50;60;35;65;80;95;170;97;80;91;172;51;286;501;75;75;95;69;299;133;102;151;194;149;211;52;125;137;158;125;126;187;148;129;116;134;127
Universidad;Arauca;Arauca;Oficial;DESERTORES;0;0;3;3;3;7;5;2;3;17;26;5;4;34;2;0;2;0;0;0;0;;;;;;;;;;;;;;;;;;;;;;;;;;;;;;;;;
Universidad;Casanare;Yopal;Oficial;DESERTORES;;;;;;;;;;;0;0;5;14;33;27;17;10;18;21;66;62;283;197;168;131;159;118;165;144;159;196;180;185;275;308;309;207;462;221;226;224;185;191;195;162;334;223;207;116;129;200;231;184
Universidad;Amazonas;Leticia;Oficial;DESERTORES;;;;;0;0;4;4;0;0;0;1;0;1;0;3;;;;;;;;;;;;;;;;;;;;;;;;;;;;;;;;;;;;;;
Institución universitaria/Escuela Tecnológica;Antioquia;Medellín;Oficial;DESERTORES;0;0;1207;1809;1944;1933;2389;2511;2875;2885;3583;3237;2847;2995;4236;3716;3687;3489;4048;6579;8864;4069;7820;4206;5616;6553;7148;7135;6209;8250;6290;8117;7013;13049;6464;9081;6090;7460;7488;8476;7331;7209;7094;6905;7340;7614;5665;6576;8506;8790;8617;8823;8827;7793
Institución universitaria/Escuela Tecnológica;Antioquia;Medellín;No oficial;DESERTORES;0;0;326;333;623;786;525;1336;733;684;906;792;992;867;927;1087;1163;991;1066;1460;1622;1503;1740;1711;2109;2015;2793;2235;5915;4295;5377;5619;5806;5935;6166;6185;5692;4994;6406;5433;4487;5341;4173;3897;4104;4277;4281;2928;3658;3398;3764;3569;3442;3126
Institución universitaria/Escuela Tecnológica;Antioquia;Apartadó;No oficial;DESERTORES;;;;;;;;;;;0;0;9;22;10;4;9;4;0;0;9;3;2;15;18;12;9;9;6;0;0;5;5;4;3;7;1;19;14;16;39;34;51;54;63;62;53;47;53;53;119;0;32;145
Institución universitaria/Escuela Tecnológica;Antioquia;Bello;No oficial;DESERTORES;;;;;0;0;0;0;0;77;23;11;1;39;95;112;116;99;184;234;207;203;182;180;260;346;333;210;252;299;293;293;310;421;469;446;380;437;435;478;287;282;290;290;288;287;346;271;400;339;385;415;397;404
Institución universitaria/Escuela Tecnológica;Antioquia;Caldas;No oficial;DESERTORES;0;0;22;37;63;91;17;61;67;82;102;129;93;145;103;101;84;99;148;177;126;119;127;96;117;117;201;120;97;100;178;154;145;137;162;90;130;46;305;119;185;107;160;158;173;114;116;116;137;143;200;185;175;148
Institución universitaria/Escuela Tecnológica;Antioquia;Envigado;Oficial;DESERTORES;0;0;10;22;165;117;207;98;120;80;184;118;184;139;199;93;201;235;327;241;282;491;277;292;476;787;794;324;501;374;411;240;349;444;483;358;333;235;464;452;379;378;402;305;436;337;414;313;369;463;801;489;420;410
Institución universitaria/Escuela Tecnológica;Antioquia;Sabaneta;No oficial;DESERTORES;0;0;34;75;38;122;43;143;135;157;109;127;187;177;170;243;525;186;201;115;73;82;99;112;266;264;252;293;421;342;486;428;451;528;692;732;875;941;1319;972;821;701;761;926;902;1188;973;826;745;809;736;972;734;969
Institución universitaria/Escuela Tecnológica;Antioquia;Santa Rosa de Osos;No oficial;DESERTORES;;;;;0;0;;0;0;0;0;0;240;174;133;128;131;87;135;141;37;49;77;129;444;210;259;271;160;353;328;309;344;418;650;500;446;332;312;433;383;324;474;401;393;310;298;339;484;537;636;593;507;455
Institución universitaria/Escuela Tecnológica;Atlántico;Barranquilla;Oficial;DESERTORES;;;;;;0;0;55;102;73;108;105;142;142;184;160;641;79;732;278;680;264;800;498;1111;491;1014;638;2189;770;1311;475;1010;1114;1045;844;955;539;1607;600;1214;438;1217;562;1400;539;1062;332;797;422;754;387;717;441
Institución universitaria/Escuela Tecnológica;Atlántico;Barranquilla;No oficial;DESERTORES;0;0;365;11;25;26;283;63;482;320;348;416;822;784;262;242;1343;1064;1309;755;984;1104;1474;1421;1271;1360;1404;1524;1542;1450;1890;1538;1998;2758;2197;2286;2562;3040;2812;3468;3339;3849;3577;3581;3295;3725;4183;2481;3114;3299;3278;3416;3430;3343
Institución universitaria/Escuela Tecnológica;"Bogotá, d. c.";"Bogotá, D.C.";Oficial;DESERTORES;0;0;109;97;112;269;638;522;385;475;388;447;566;427;677;552;1471;589;766;1981;1115;2278;2018;892;1238;2214;2380;2336;2060;5597;1169;2134;2401;3988;2204;6205;3958;1221;1871;2252;1652;1445;1407;1155;1776;1589;1145;1328;3220;3529;2646;2640;2252;1992
Institución universitaria/Escuela Tecnológica;"Bogotá, d. c.";"Bogotá, D.C.";No oficial;DESERTORES;0;0;4670;3584;3300;2790;3050;2944;3796;4234;4111;4059;5217;6324;4781;4688;5377;4689;5479;7993;7596;9184;13380;14935;13394;15167;15727;15847;16867;18538;20722;21823;24882;28364;29237;30937;28449;29092;37978;32847;33035;32390;34508;29349;32433;33886;37047;28032;34290;29963;34269;33945;37207;33336
Institución universitaria/Escuela Tecnológica;Bolívar;Cartagena de Indias;Oficial;DESERTORES;0;0;52;82;98;80;88;264;152;226;84;89;133;280;180;158;156;137;142;140;158;158;160;165;169;215;166;203;232;291;274;338;244;308;316;335;354;412;314;299;384;304;303;490;296;294;311;300;345;490;569;373;434;459
Institución universitaria/Escuela Tecnológica;Bolívar;Cartagena de Indias;No oficial;DESERTORES;0;0;275;306;358;347;465;500;832;529;704;843;1085;1384;1137;1033;1018;1043;1112;1008;1437;1685;2282;1671;2060;2107;2061;2437;3504;2283;2588;3309;3699;4157;4261;3985;3349;3548;5079;4103;3723;3880;3007;2664;2644;3089;3906;1353;1840;1812;1794;2050;1998;2139
Institución universitaria/Escuela Tecnológica;Boyacá;Tunja;No oficial;DESERTORES;0;0;35;74;100;32;46;229;2;0;76;81;17;27;79;43;60;55;64;57;134;197;90;91;138;139;112;104;115;86;128;120;58;310;112;122;330;267;411;308;317;380;267;230;232;304;367;228;196;202;216;198;212;165
Institución universitaria/Escuela Tecnológica;Cauca;Popayán;Oficial;DESERTORES;0;0;24;34;46;77;66;28;80;1;139;68;112;45;89;76;168;155;80;92;128;110;99;119;123;129;86;131;198;180;145;238;140;149;188;164;174;205;185;190;181;166;157;159;143;169;106;138;115;187;194;157;142;174
Institución universitaria/Escuela Tecnológica;Cauca;Popayán;No oficial;DESERTORES;0;0;65;156;99;152;110;121;153;73;125;123;228;200;228;167;220;230;194;182;338;454;352;495;518;661;1120;635;879;1150;930;912;876;1063;1053;1059;1037;1158;1154;1452;1139;1137;1239;1088;1220;1118;1557;1117;1092;1044;1105;1061;1017;963
Institución universitaria/Escuela Tecnológica;Cauca;Puerto Tejada;No oficial;DESERTORES;;;;;;;;;;;;;;;;;;;0;0;6;0;;0;24;26;;;;;;;;;;;;;;;;;;;;;;;;;;;;
Institución universitaria/Escuela Tecnológica;Cundinamarca;Cota;Oficial;DESERTORES;;;;;;;;;;;;;;;;;;;;;;;;;;;;;;;;;;;;0;;;;;;;;;;;;;;;;;;
Institución universitaria/Escuela Tecnológica;Cundinamarca;Facatativá;Oficial;DESERTORES;;;;;;;;;;;;;;;0;0;0;0;2;0;5;8;16;25;50;0;2;1;26;15;13;13;15;27;30;15;24;6;14;11;13;7;5;7;8;6;;;;;;;;
Institución universitaria/Escuela Tecnológica;Chocó;Quibdó;No oficial;DESERTORES;;;;;;;;;;;;;;;;;;;;;0;0;16;26;43;84;76;61;130;104;53;77;54;85;120;135;126;201;179;181;239;2;18;646;194;224;239;221;283;330;280;237;250;228
Institución universitaria/Escuela Tecnológica;Huila;Neiva;No oficial;DESERTORES;0;0;38;81;83;97;120;108;129;156;126;144;154;159;172;164;185;145;166;173;18;433;292;283;336;323;314;283;316;374;455;363;356;371;360;396;512;527;546;557;486;474;505;450;389;550;562;288;409;524;379;379;420;499
Institución universitaria/Escuela Tecnológica;Huila;Rivera;No oficial;DESERTORES;;;;;;;;;;;;;;;;;;;;;;;;;;;;;;;0;0;8;8;3;35;70;58;126;87;117;171;113;75;55;80;123;82;102;150;112;151;88;91
Institución universitaria/Escuela Tecnológica;Magdalena;Ciénaga;Oficial;DESERTORES;0;0;32;24;40;40;56;1;5;7;31;12;22;88;76;44;65;80;90;51;71;125;137;89;111;102;116;83;158;229;151;101;170;110;173;112;183;133;161;209;275;147;175;225;119;86;217;204;337;550;329;281;439;485
Institución universitaria/Escuela Tecnológica;Meta;Villavicencio;No oficial;DESERTORES;0;0;1127;53;175;156;128;203;200;115;32;36;80;76;79;81;112;80;128;144;239;198;296;242;267;249;333;267;316;320;340;319;384;331;417;317;402;300;355;450;403;378;305;328;342;291;317;240;343;324;344;315;373;339
Institución universitaria/Escuela Tecnológica;Nariño;Pasto;No oficial;DESERTORES;;;0;0;41;18;29;53;20;6;18;17;35;25;10;5;25;14;43;79;67;100;124;133;271;204;172;184;116;116;156;184;443;506;527;472;555;625;694;1794;526;580;543;596;382;600;629;448;488;497;449;452;398;381
Institución universitaria/Escuela Tecnológica;Norte de Santander;Cúcuta;No oficial;DESERTORES;;;;;;;;;;;;;;;;;;;;;;;;;;;;;;;;;;;;;;;;;;;;;;;0;0;3;7;6;25;21;19
Institución universitaria/Escuela Tecnológica;Quindío;Armenia;No oficial;DESERTORES;0;0;110;266;204;226;237;227;247;185;214;159;150;145;172;141;135;151;206;401;205;305;292;226;257;292;335;277;260;279;311;325;293;313;367;297;389;281;312;350;350;327;356;301;389;332;272;223;215;192;194;262;220;235
Institución universitaria/Escuela Tecnológica;Risaralda;Pereira;No oficial;DESERTORES;0;0;61;2;4;6;8;4;10;13;8;10;26;27;67;68;65;94;95;184;125;122;176;157;228;306;277;234;255;287;379;266;266;284;293;304;241;275;358;471;405;511;561;639;663;797;649;696;854;652;627;662;629;433
Institución universitaria/Escuela Tecnológica;Risaralda;Santa Rosa de Cabal;No oficial;DESERTORES;;;;;;;;;0;0;448;37;117;71;91;57;154;89;89;120;150;124;166;225;177;480;354;352;206;273;238;219;227;332;225;289;156;210;492;147;103;69;71;88;131;113;118;99;144;108;121;119;89;99
Institución universitaria/Escuela Tecnológica;Santander;Bucaramanga;No oficial;DESERTORES;;;;;;0;0;0;21;6;13;7;9;10;0;8;8;7;3;1;1;3;0;;;4;1;0;0;90;14;8;13;40;133;43;131;151;173;75;76;75;66;102;91;89;151;113;152;155;137;173;208;121
Institución universitaria/Escuela Tecnológica;Santander;Barrancabermeja;Oficial;DESERTORES;0;0;336;98;213;63;256;264;263;201;266;283;361;54;119;1229;121;107;132;632;263;241;241;277;284;304;366;350;700;450;375;287;458;381;499;540;555;603;696;697;659;560;534;537;503;432;283;331;424;516;396;454;450;520
Institución universitaria/Escuela Tecnológica;Santander;San Gil;No oficial;DESERTORES;0;0;87;61;91;98;89;126;140;106;81;109;139;128;176;155;309;116;167;179;197;317;303;248;406;337;372;316;447;430;481;489;529;485;503;497;455;397;496;430;391;375;407;347;381;364;381;271;246;234;283;277;283;222
Institución universitaria/Escuela Tecnológica;Sucre;Sincelejo;No oficial;DESERTORES;0;0;17;0;0;1;0;100;323;214;387;275;349;243;183;174;200;323;446;383;363;393;580;550;575;591;654;660;747;913;1020;994;1046;924;1107;1331;1427;1445;1579;1598;1715;1562;1500;2209;1783;2374;2221;1323;1651;1327;1362;1490;1418;1443
Institución universitaria/Escuela Tecnológica;Tolima;Ibagué;Oficial;DESERTORES;0;0;0;0;0;1;0;1;16;10;12;5;11;18;32;13;21;13;13;16;20;32;15;24;17;27;31;43;24;27;27;44;29;43;28;22;23;19;19;19;25;11;11;17;20;18;6;46;33;51;34;34;44;31
Institución universitaria/Escuela Tecnológica;Tolima;Espinal;No oficial;DESERTORES;;;;;;;;;;0;0;10;0;5;83;22;50;36;34;18;21;7;34;264;59;19;32;52;51;48;39;29;22;25;31;29;49;27;30;33;42;29;23;28;36;39;64;21;55;46;60;36;84;37
Institución universitaria/Escuela Tecnológica;Valle del Cauca;Cali;Oficial;DESERTORES;0;0;82;167;95;131;169;186;312;291;250;242;286;297;249;275;305;454;496;566;719;968;1061;1288;1061;801;1108;786;1159;881;1018;913;879;897;1101;1183;1134;1242;1390;1377;1419;1219;1326;1252;1144;1252;992;706;898;1245;995;1084;1147;1117
Institución universitaria/Escuela Tecnológica;Valle del Cauca;Cali;No oficial;DESERTORES;0;0;8;11;6;11;11;19;51;18;29;35;27;22;49;65;132;202;286;280;521;475;562;635;637;577;607;652;409;432;373;398;441;438;544;532;421;495;658;687;676;563;677;682;978;1179;1115;879;558;701;560;652;529;443
Institución universitaria/Escuela Tecnológica;Valle del Cauca;Tuluá;Oficial;DESERTORES;0;0;63;9;43;12;66;58;139;82;166;129;176;146;252;193;239;188;213;165;312;261;336;313;316;288;341;362;337;307;465;300;339;405;314;236;304;271;351;179;238;298;528;431;359;322;231;220;258;369;355;293;329;289
Institución universitaria/Escuela Tecnológica;Putumayo;Mocoa;Oficial;DESERTORES;;;;;;;;;;;;;;;0;0;72;49;56;44;96;192;136;157;317;170;249;546;157;110;84;77;170;252;129;127;160;629;180;124;135;142;136;152;245;244;219;343;342;381;409;438;461;399
Institución universitaria/Escuela Tecnológica;Putumayo;Sibundoy;Oficial;DESERTORES;;;;;;;;;;;;;;;;;;;;;0;0;39;53;69;45;45;145;21;29;15;32;40;29;33;35;38;2;;;;;;;;;;;;;;;;
Institución tecnológica;Antioquia;Medellín;No oficial;DESERTORES;0;0;52;38;53;42;144;113;174;124;147;148;133;124;120;131;132;189;162;158;92;142;129;154;116;116;127;98;100;116;114;135;122;102;104;92;97;100;109;91;94;107;99;126;120;115;246;145;120;155;120;73;125;63
Institución tecnológica;Antioquia;Santa Fé de Antioquia;No oficial;DESERTORES;;;;;;;;;;;;;;;0;0;7;16;4;5;13;20;22;28;49;42;13;16;5;41;0;0;0;42;16;21;15;60;81;22;18;0;37;16;5;5;19;31;4;3;10;;3;
Institución tecnológica;Antioquia;Copacabana;No oficial;DESERTORES;;;;;;;;;;;0;0;0;0;0;1;0;6;1;0;1;4;0;;13;2;;;;;;;;;;;;;;;;;;;;;;;;;;;;
Institución tecnológica;Antioquia;Envigado;Oficial;DESERTORES;;;;;;;;;;;;;;;;;;;;;;;;0;0;98;43;39;39;47;57;78;67;90;65;63;90;69;98;76;84;54;72;64;78;57;142;55;76;141;101;140;181;154
Institución tecnológica;Antioquia;Marinilla;No oficial;DESERTORES;;;;;;;;;;;;;;;;;;;;;0;0;0;6;2;61;0;16;115;44;7;2;3;5;25;32;26;126;28;9;9;28;19;30;1;3;3;25;27;7;2;4;3;2
Institución tecnológica;Atlántico;Barranquilla;Oficial;DESERTORES;;;;;;;0;0;0;0;0;0;0;0;0;273;0;13;0;430;9;0;121;12;192;0;104;11;93;118;103;71;49;4;25;83;11;402;24;176;388;187;10;42;27;42;66;5;225;138;3;28;65;23
Institución tecnológica;Atlántico;Barranquilla;No oficial;DESERTORES;;;;;;;;;;;;;;;;;;;;;;;;;0;0;0;0;2;6;5;3;3;11;35;33;69;91;104;116;107;83;80;82;75;68;116;57;63;64;64;51;73;50
Institución tecnológica;"Bogotá, d. c.";"Bogotá, D.C.";Oficial;DESERTORES;;;;;;;;;;;;;;;;;;;;;;;;;0;0;138;852;1785;8067;23590;8547;36675;27477;39196;20708;65412;71940;28850;67918;30774;79852;783;79386;2083;82554;20683;74538;3414;89551;412;112198;336;85726
Institución tecnológica;"Bogotá, d. c.";"Bogotá, D.C.";No oficial;DESERTORES;0;0;177;224;374;291;305;471;463;267;238;226;357;416;319;452;396;768;469;628;2115;1439;1956;2015;2775;3184;2527;5095;3276;6383;4835;4082;3708;4142;5369;3876;4202;3547;5212;3868;3566;4341;4125;3937;4159;4231;3626;2877;4293;6208;6400;7161;5446;8364
Institución tecnológica;Cundinamarca;Fusagasugá;No oficial;DESERTORES;0;0;3;17;4;4;3;1;8;0;9;6;0;1;7;15;27;64;7;56;47;6;1;23;23;13;31;24;28;19;50;31;18;31;35;7;17;13;19;14;16;8;11;18;5;12;37;20;32;24;23;28;13;15
Institución tecnológica;Cundinamarca;Madrid;Oficial;DESERTORES;0;0;0;9;55;16;8;43;2;17;0;48;3;12;5;14;1;15;0;18;0;8;0;3;12;4;1;3;11;4;3;5;1;2;8;3;14;6;19;3;11;6;12;4;16;5;12;3;43;31;35;;23;
Institución tecnológica;Cundinamarca;Nilo;Oficial;DESERTORES;;;;;;;;;;;;;;;;;;;0;0;7;22;39;275;86;96;73;278;132;115;115;79;82;137;178;202;193;121;334;1981;119;111;120;145;67;113;18;65;131;129;170;82;123;77
Institución tecnológica;Nariño;Pasto;No oficial;DESERTORES;;;;;;;0;0;61;77;40;155;147;251;239;232;221;213;239;153;125;509;263;298;271;292;292;305;370;415;370;458;439;513;400;369;404;438;479;526;452;564;734;472;420;534;675;475;461;487;403;367;408;394
Institución tecnológica;Norte de Santander;Cúcuta;No oficial;DESERTORES;;0;0;2;84;2;33;26;23;60;77;93;45;26;46;28;50;60;75;112;37;67;118;129;146;267;220;629;290;192;231;263;300;256;274;269;252;254;311;446;235;186;232;190;231;256;312;112;137;121;169;205;225;235
Institución tecnológica;Norte de Santander;Pamplona;Oficial;DESERTORES;0;0;164;47;39;215;49;62;6;64;157;1;56;296;71;134;29;;286;0;17;234;350;257;388;778;240;115;398;193;409;157;193;75;164;338;216;143;116;105;91;93;106;72;84;116;125;228;253;290;216;152;159;203
Institución tecnológica;Santander;Bucaramanga;Oficial;DESERTORES;0;0;31;35;39;212;539;531;781;723;960;1209;1297;1189;1475;1375;2123;1738;1936;1875;3114;2633;3156;3125;4329;2766;2611;3248;5473;2018;3363;4144;4455;3561;2890;2902;4304;2925;4181;2729;2834;2414;2532;2168;2581;2588;2107;1520;1952;3008;3631;4365;3649;2847
Institución tecnológica;Santander;Bucaramanga;No oficial;DESERTORES;0;0;74;46;61;107;160;213;249;162;155;127;150;169;201;277;266;258;342;448;615;309;383;377;308;427;542;525;545;417;409;315;309;384;549;448;389;512;295;208;233;143;159;120;179;214;269;69;75;139;61;164;184;111
Institución tecnológica;Santander;Barrancabermeja;No oficial;DESERTORES;;;;;;;;;;;;;;;;;;;;;;;;;;;;;;;;;;;;;;;;;;;;;;;0;0;6;6;17;10;32;
Institución tecnológica;Sucre;Coveñas;Oficial;DESERTORES;;;;;;;;;;;;;;;;;0;0;0;0;0;0;0;0;0;0;0;0;12;0;10;22;13;22;12;15;9;0;1;58;0;10;8;20;1;22;42;2;4;26;18;17;43;21
Institución tecnológica;Tolima;Honda;No oficial;DESERTORES;;;;;;;0;0;9;9;27;14;22;86;36;30;24;31;43;30;50;42;48;100;58;74;56;71;67;91;76;42;67;107;71;57;56;83;77;83;41;58;46;57;42;66;24;48;46;36;;;57;244
Institución tecnológica;Valle del Cauca;Cali;No oficial;DESERTORES;0;0;40;49;10;21;19;42;67;116;45;0;1;171;325;375;374;462;840;729;626;797;522;893;772;697;687;823;847;794;870;894;823;439;716;727;765;717;781;863;793;719;859;690;698;686;867;493;518;452;368;499;204;355
Institución tecnológica;Valle del Cauca;Cartago;No oficial;DESERTORES;0;0;55;73;36;19;21;16;7;0;12;13;8;17;24;19;35;77;1;47;71;172;9;8;12;68;41;44;52;51;50;217;46;67;79;65;76;70;116;120;106;79;86;119;109;97;119;67;90;93;78;66;85;59
Institución técnica profesional;Antioquia;Medellín;No oficial;DESERTORES;;;0;0;20;16;25;24;34;43;34;31;31;29;23;35;36;25;17;24;22;35;45;57;71;71;58;49;60;50;36;30;26;19;;;;;;;;;;;;;;;;;;;;
Institución técnica profesional;Atlántico;Barranquilla;No oficial;DESERTORES;0;0;61;129;113;249;257;488;385;430;421;359;430;595;424;511;539;397;247;440;571;454;587;537;618;360;708;924;628;283;494;243;505;344;553;635;387;546;382;323;196;271;197;141;130;159;111;77;120;169;300;277;266;334
Institución técnica profesional;"Bogotá, d. c.";"Bogotá, D.C.";No oficial;DESERTORES;0;0;161;270;1699;172;1170;930;668;572;1518;1504;1711;1485;2059;1407;2490;4046;2882;1989;4215;5535;6872;7828;4038;7652;7559;9800;10607;7650;6972;5697;8219;9410;8903;5697;5589;17866;14049;10830;8456;10749;6990;8954;4829;20065;10494;9913;9528;17111;16078;15395;14597;16477
Institución técnica profesional;Caldas;Pensilvania;Oficial;DESERTORES;0;0;72;54;35;17;54;21;26;56;59;30;86;25;58;39;90;48;138;55;71;58;67;51;54;90;49;74;87;60;58;36;39;37;32;28;40;31;51;64;63;63;33;33;31;31;47;80;79;93;112;112;81;101
Institución técnica profesional;Cesar;Valledupar;No oficial;DESERTORES;0;0;1;0;0;18;0;59;80;39;93;58;15;144;23;64;56;0;0;76;132;122;129;172;294;42;292;160;296;99;107;83;55;37;30;;;;;;;;;;;;;;;;;;;
Institución técnica profesional;La Guajira;San Juan del Cesar;Oficial;DESERTORES;;;;;;;;;;;;;;;0;0;29;63;103;59;109;118;117;110;104;102;209;186;121;141;184;356;347;157;3;262;207;140;206;79;95;86;88;139;111;166;159;130;224;314;222;246;189;189
Institución técnica profesional;Risaralda;Pereira;No oficial;DESERTORES;;;;;;;;;;;;;;;;;;;0;0;24;93;14;21;42;28;2;8;35;45;39;53;63;14;35;68;78;61;49;120;54;88;133;121;120;145;231;172;188;141;186;174;184;149
Institución técnica profesional;Santander;Bucaramanga;No oficial;DESERTORES;0;0;23;118;79;123;9;36;21;16;36;39;118;70;97;40;64;72;48;67;56;99;52;347;351;55;217;381;68;198;153;211;106;125;200;230;274;200;134;141;58;21;15;104;14;13;23;140;202;168;146;94;107;81
Institución técnica profesional;Tolima;Espinal;Oficial;DESERTORES;0;0;113;62;82;40;116;132;138;77;167;108;160;97;132;44;69;40;61;39;85;39;128;54;245;210;300;562;493;458;546;563;330;700;352;313;558;367;450;515;442;395;407;282;379;360;492;361;561;440;399;345;452;472
Institución técnica profesional;Valle del Cauca;Cali;Oficial;DESERTORES;;;;;;;;;;;;;;;;;;;0;0;298;132;133;123;427;439;313;250;453;249;90;561;351;410;595;246;370;226;399;162;196;318;158;159;283;209;291;170;264;649;432;365;332;325
Institución técnica profesional;Valle del Cauca;Cali;No oficial;DESERTORES;0;0;101;31;52;70;67;102;105;90;107;99;115;140;183;172;205;261;273;270;280;400;390;348;396;450;373;437;367;338;455;474;529;613;465;539;470;532;965;646;717;390;340;338;404;555;803;259;313;290;236;437;279;375
Institución técnica profesional;Valle del Cauca;Guadalajara de Buga;Oficial;DESERTORES;;;;;;;;;0;0;0;0;0;0;0;0;0;0;0;0;125;64;12;65;16;39;75;54;79;45;78;96;163;116;92;22;10;135;47;60;200;57;52;149;276;508;136;173;146;157;188;254;220;412
Institución técnica profesional;Valle del Cauca;Roldanillo;Oficial;DESERTORES;0;0;35;97;99;145;148;130;125;128;110;197;147;151;119;118;151;130;236;275;229;355;456;263;346;164;303;339;183;132;193;152;237;227;215;171;200;394;515;391;260;246;332;301;344;410;351;337;617;396;558;335;508;528
Institución técnica profesional;Archipiélago de San Andrés y Providencia;San Andrés;Oficial;DESERTORES;0;0;53;29;46;36;86;40;67;24;77;2;78;29;63;5;28;3;38;6;66;70;132;82;120;67;123;277;64;48;102;97;120;116;79;32;25;34;13;16;20;32;17;16;19;32;44;31;360;218;96;75;36;52
Universidad;Antioquia;Medellín;Oficial;MATRICULADOS;2829;3019;7238;9281;12498;13935;17373;15162;21912;24585;26272;28730;23160;30918;29600;31430;34864;36231;35194;33414;36454;38118;39082;39494;39539;30686;38161;36178;42071;41170;42748;44128;44788;43409;45323;37776;46484;46885;43671;43486;43086;42359;40526;39913;32136;22004;43554;39526;42329;30196;42619;42628;37596;39708
Universidad;Antioquia;Medellín;No oficial;MATRICULADOS;11962;10732;19489;19699;23338;23827;28150;28549;31239;32035;33341;32596;34791;33475;35118;34926;37265;36098;41025;40649;43828;42417;46329;46419;48782;49199;51943;51173;54992;54854;58880;58330;61555;60763;64048;62807;66840;66019;67184;65768;66557;64184;64084;61308;61514;57076;57228;54773;54045;51591;51218;48866;43000;41792
Universidad;Antioquia;Andes;Oficial;MATRICULADOS;;;;38;53;78;80;58;121;155;179;153;189;204;248;270;324;323;309;319;344;405;409;351;383;494;414;308;355;340;320;337;323;384;411;364;327;322;283;306;325;288;323;238;266;236;206;204;213;185;197;;;
Universidad;Antioquia;Santa Fé de Antioquia;Oficial;MATRICULADOS;;;;;;;;;;;;;;;;59;52;68;81;91;112;75;108;100;102;135;140;168;184;180;186;210;182;172;146;141;106;57;26;25;18;15;26;25;58;55;52;69;86;73;;;;
Universidad;Antioquia;El Carmen de Viboral;Oficial;MATRICULADOS;;;;19;39;85;109;142;205;258;258;319;334;502;670;693;859;789;880;911;960;902;1078;967;841;836;635;633;617;643;550;701;607;855;744;754;615;667;433;490;626;377;372;325;318;77;235;235;283;148;313;314;259;254
Universidad;Antioquia;Caucasia;Oficial;MATRICULADOS;39;87;83;96;96;59;45;77;46;69;139;138;184;283;386;491;602;607;675;705;662;566;601;541;590;794;502;504;397;311;255;226;265;252;280;216;193;240;195;193;142;135;146;187;225;216;255;191;181;211;238;;;
Universidad;Antioquia;Envigado;No oficial;MATRICULADOS;223;221;367;340;525;476;580;564;698;655;820;726;929;831;1041;962;1137;1033;1264;1191;1399;1266;1449;1286;1360;1241;1395;1274;1351;1247;1295;1192;1363;1280;1559;1467;1657;1534;1755;1660;1715;1695;1722;1657;1793;1793;1889;1852;1942;1844;1873;1906;1691;1764
Universidad;Antioquia;Puerto Berrío;Oficial;MATRICULADOS;7;14;10;22;21;20;8;;26;58;98;106;106;109;102;147;177;190;209;207;215;190;205;188;145;206;148;132;154;141;151;165;152;127;82;74;72;66;57;75;89;42;41;57;83;74;71;69;66;65;65;;;
Universidad;Antioquia;Rionegro;No oficial;MATRICULADOS;650;959;1305;1484;1641;1684;1874;1899;2067;2053;2228;2259;2265;2158;2170;2036;2085;2227;2338;2210;2295;2318;2357;2233;2343;2341;2520;2530;3333;3793;3840;4199;5084;5498;5589;5121;5294;5070;5023;4808;5019;4846;4811;4488;4536;4154;4266;4049;4163;4008;4127;3825;3195;3123
Universidad;Antioquia;Turbo;Oficial;MATRICULADOS;52;61;58;93;122;110;115;119;129;142;243;242;277;303;405;485;510;528;585;731;841;835;913;838;688;738;757;748;688;693;533;506;501;499;443;382;265;234;232;316;359;271;264;271;247;217;251;251;329;315;393;481;415;417
Universidad;Atlántico;Barranquilla;No oficial;MATRICULADOS;9723;12026;17092;14474;19996;21747;27220;27189;32490;31944;34896;32712;34898;31429;33049;31138;33464;32210;34968;35367;37552;36695;38435;37933;39951;38975;42629;40167;40928;43984;42340;45959;49476;48814;51828;51990;54986;54714;55212;53468;56142;54324;56039;54291;55635;49116;53497;51620;53537;52013;54224;52136;44917;43761
Universidad;Atlántico;Puerto Colombia;Oficial;MATRICULADOS;986;1585;2065;2263;3197;3457;2931;3744;5524;5534;847;5955;7512;7660;9084;8921;9808;9326;9996;9755;9592;9717;10078;11000;13162;15239;17121;16170;16643;17833;18528;19695;19701;20000;21116;21946;21475;22312;22521;25041;22405;22786;20987;17490;19264;18720;20119;1;21136;20520;20187;19828;16926;17728
Universidad;"Bogotá, d. c.";"Bogotá, D.C.";Oficial;MATRICULADOS;10912;17035;22265;26214;33363;37203;44234;46190;54570;59034;64199;65930;69629;71503;66455;64232;69145;72009;81468;90939;94617;95962;106845;106773;110931;111684;116018;117014;124067;125427;129339;127760;125592;122926;123640;121097;129306;122255;127791;115190;127103;125919;135708;137205;143735;152737;168753;177468;192046;197038;212312;214014;185256;206756
Universidad;"Bogotá, d. c.";"Bogotá, D.C.";No oficial;MATRICULADOS;36310;37601;52843;56749;69655;74595;93126;92897;111892;119442;131739;128109;135543;133774;142439;142176;148261;147553;169142;172468;186276;188913;200591;200445;210124;212201;216834;220464;228954;229608;240442;242697;249243;244395;255093;257194;268229;264008;265262;255211;254372;244658;243137;232072;228700;204329;210769;203315;204738;200188;199236;194495;166478;167455
Universidad;Bolívar;Cartagena de Indias;Oficial;MATRICULADOS;1586;2504;3123;3623;5001;4915;4812;4899;5673;5815;6283;6531;7126;7363;7664;7729;8397;8288;10279;10266;10539;10632;10997;11671;13885;13953;16117;17197;18761;18997;18602;18614;18724;18227;17752;17278;17247;17208;17074;17168;17260;17665;17429;17420;17552;18856;19906;10095;21306;21544;21792;21255;18336;19469
Universidad;Bolívar;Cartagena de Indias;No oficial;MATRICULADOS;5490;3579;3961;3351;6238;5914;6554;6207;6786;6424;6824;6398;6594;6031;6032;5537;5601;5103;5620;5567;6028;5617;6422;6379;7875;7990;9312;9090;9787;8973;9238;8965;9554;9262;10350;9975;11015;11318;12029;11906;12972;12812;13803;13491;14207;12124;13663;13669;14204;14365;14676;14265;12373;12155
Universidad;Boyacá;Tunja;Oficial;MATRICULADOS;1059;1781;3567;4633;2786;6526;7700;8624;9192;9465;9817;10165;10424;10587;10762;11186;11733;12280;14934;15429;15535;15649;15780;16824;16405;16509;17746;18084;17522;17817;17865;18571;18737;19346;19575;20553;21121;21536;22058;20603;20357;20650;20458;20598;20465;20419;20942;20684;20893;21468;21527;20928;19148;20571
Universidad;Boyacá;Tunja;No oficial;MATRICULADOS;2672;1403;1980;2282;2999;3085;4081;4062;4521;4460;4666;4458;4126;3795;3345;3189;3578;3348;3723;3770;4115;4120;4514;4437;4867;5139;5487;5849;6211;6551;7250;7221;7569;7619;8040;8033;8477;8498;8656;8380;8222;8203;8359;8048;8205;7187;7756;7712;8091;8415;8729;8421;7557;7463
Universidad;Boyacá;Chiquinquirá;Oficial;MATRICULADOS;129;158;208;180;113;230;392;195;217;224;260;335;391;437;551;590;662;726;808;839;849;865;869;874;891;854;912;961;944;956;946;976;954;919;905;902;890;853;831;831;845;880;855;873;843;855;967;824;780;786;788;705;652;691
Universidad;Boyacá;Duitama;Oficial;MATRICULADOS;193;379;452;553;237;1737;700;792;1;215;428;572;642;729;1121;1181;1248;1488;2788;2789;2805;2779;2732;2838;2851;2740;2697;2852;2637;2657;2658;2724;2752;2701;2730;2716;2785;2786;2903;2921;2936;2969;3003;3055;3047;2972;3013;3015;2963;3010;3015;2684;2439;2603
Universidad;Boyacá;Sogamoso;Oficial;MATRICULADOS;152;330;481;603;211;1686;916;1042;1075;1149;1253;1347;1419;1473;1490;1580;1567;2016;2640;2692;2680;2083;2776;2839;2874;2809;2929;2952;2628;2770;2753;2799;2931;3098;3014;3157;3157;3226;3251;3198;3262;3345;3382;3439;3344;3397;3477;3458;3463;3519;3513;3290;3036;3162
Universidad;Caldas;Manizales;Oficial;MATRICULADOS;356;760;1155;1558;1991;2323;2633;2979;3853;4635;4935;5472;5870;5947;6306;5890;6541;6716;7458;8090;8535;9074;9504;10063;10784;11675;12697;13361;14052;14487;15003;15749;15534;15577;16643;16468;17187;16456;17036;17719;18164;18081;17893;17816;17592;8220;17477;16811;16442;16897;17119;17742;14941;15373
Universidad;Caldas;Manizales;No oficial;MATRICULADOS;2925;2114;2952;3346;3993;4137;5003;4891;5824;5648;6367;6426;6335;6278;6532;6653;6831;6802;7460;7512;7863;7840;8377;8305;8503;8687;9223;9071;9661;9479;9698;9379;9895;10062;10819;11143;12700;12851;13635;13404;13714;13250;13321;12751;12096;11480;11078;11048;10484;10411;10406;9825;7791;7719
Universidad;Caquetá;Florencia;Oficial;MATRICULADOS;1173;1195;1486;1641;1837;2006;2245;2163;2230;2212;2323;2331;2345;2536;3179;3333;3358;2786;3548;4203;4096;4629;4661;4492;4497;4442;4842;4964;4898;5130;5295;5891;5860;6276;6817;7257;7568;8027;8305;8425;8044;8139;8156;8492;7780;8385;8723;8587;8752;8735;8073;7467;6408;6579
Universidad;Cauca;Popayán;Oficial;MATRICULADOS;322;614;925;1622;2202;2932;3268;3952;;366;4236;4774;5547;6081;6371;6320;7070;7077;7699;7297;7987;7989;8222;8143;9017;8895;8894;8911;8992;9324;10167;10602;10875;10964;11547;11939;12729;11743;11621;10650;10977;11235;12614;12390;13102;485;14076;13919;14456;14864;15112;14722;13502;14033
Universidad;Cesar;Valledupar;Oficial;MATRICULADOS;654;1306;2197;2505;2423;2580;3555;3220;3864;3850;4071;4144;4112;3836;3384;3535;3144;2751;4623;5555;6300;7034;7302;7932;7571;7888;8237;8856;9441;9935;9511;10196;11535;11153;11537;11995;12716;12998;13300;13358;12999;13241;12699;12531;13093;13524;13465;13200;13128;12293;12360;12258;10582;11484
Universidad;Cesar;Aguachica;Oficial;MATRICULADOS;348;380;365;381;297;273;473;243;257;256;297;232;395;415;462;393;451;477;504;526;496;625;800;871;1120;1034;937;844;848;774;702;763;600;578;701;771;1036;1081;1399;1340;1662;1831;2096;2105;2197;2419;2512;2568;2656;2608;2663;2549;2135;2219
Universidad;Cesar;La Paz;Oficial;MATRICULADOS;;;;;;;;;;;;;;;;;;;;;;;;;;;;;;;;;;;;;;;;;;;;200;382;551;728;857;1010;1140;1202;1239;1193;1171
Universidad;Córdoba;Montería;Oficial;MATRICULADOS;2061;1828;2167;2345;2650;2759;2631;2638;2293;2655;3061;3705;3645;3940;4504;4424;5051;5310;6233;6615;7123;7213;7946;8369;9374;9470;9898;10279;10854;11340;12494;12974;13708;13750;14391;14126;14768;12791;13505;14476;15212;15914;15426;11867;15430;16219;16578;16087;15719;15201;14477;13816;12189;12179
Universidad;Córdoba;Montería;No oficial;MATRICULADOS;2116;1857;3160;3215;4573;4581;5874;5601;6237;6060;6523;6040;5870;5475;5690;5396;5259;5024;5387;5352;5588;5449;5639;5591;5844;5698;5702;5723;6203;6337;6808;6660;7204;7184;7935;8165;8954;9014;9544;9623;9883;9830;10715;10671;11355;10703;11690;11566;12104;12255;12827;12624;11276;11197
Universidad;Cundinamarca;Chía;No oficial;MATRICULADOS;930;1477;2338;2790;3429;3626;4185;4378;4870;4999;5479;6064;6563;6479;6850;6579;6684;6270;6059;6178;7085;7000;7549;7594;7787;7817;8235;8248;8568;8548;8875;8661;8983;8981;9460;9149;10747;10438;10581;10218;10551;10386;10298;10202;10319;10078;10004;9910;9859;9702;9717;9431;8390;8197
Universidad;Cundinamarca;Fusagasugá;Oficial;MATRICULADOS;3195;2436;2978;3048;3278;3235;3594;3793;4003;4077;4271;4154;4281;4210;4129;1206;4437;4396;6340;6777;7018;6941;7251;7484;7292;7524;7912;7821;8064;8311;8738;9165;9716;9746;10281;10263;10497;10718;10997;10349;10420;10449;10232;10436;10308;10429;10543;10758;10411;10197;9925;9577;8125;8419
Universidad;Cundinamarca;Girardot;Oficial;MATRICULADOS;939;963;1371;1463;1567;1629;1708;1697;1731;1642;1683;1545;1447;1336;1183;71;991;895;812;990;1062;1288;1392;1576;1648;1791;1965;2004;2086;2240;2360;2562;2631;2609;2704;2648;2697;2308;2373;2294;2235;2153;1996;2056;1959;1933;1867;1850;1634;1637;1606;1539;1330;1329
Universidad;Cundinamarca;Girardot;No oficial;MATRICULADOS;7;39;89;110;159;219;343;368;439;504;581;555;558;515;524;518;485;451;454;409;492;485;537;508;550;566;662;676;875;907;1089;1090;1235;1180;1328;1314;1449;1386;1394;1266;1255;1164;1200;1123;1147;964;931;868;952;912;915;930;780;785
Universidad;Cundinamarca;Villa de San Diego de Ubaté;Oficial;MATRICULADOS;299;230;314;316;308;323;351;348;350;318;278;270;241;215;214;36;166;165;110;146;225;259;302;345;367;370;401;404;340;415;428;414;421;419;414;415;421;417;422;424;441;449;463;488;497;506;533;562;554;571;580;557;490;514
Universidad;Chocó;Quibdó;Oficial;MATRICULADOS;;;;;;;;;;;;;;;;;399;400;1945;2160;3098;3568;4500;4662;6131;6225;7313;7007;7347;7478;7577;7164;7428;7578;8016;7602;7716;8113;8555;7183;7473;1778;9470;9391;9610;10478;12205;12890;13017;13169;13824;12612;11665;11717
Universidad;Huila;Neiva;Oficial;MATRICULADOS;1082;1238;1679;1823;2360;2219;2772;2891;3444;3430;3650;3659;3939;3974;4155;4310;4515;4597;5141;5501;5917;6577;7381;7578;8247;8558;8694;9025;9499;9904;10211;10197;9425;9622;10359;10778;10941;10898;11642;11543;11752;11970;12217;12025;12337;12844;13124;12901;13654;13199;13610;13559;11950;11848
Universidad;La Guajira;Riohacha;Oficial;MATRICULADOS;443;650;844;122;2330;565;1109;1355;1879;2084;2401;2834;3343;3374;3763;3765;4051;3937;4336;4203;5152;5141;5894;6546;7065;7261;7455;7370;7684;7931;8426;9934;10793;11429;12451;13455;14214;14403;14141;14185;14226;14573;13883;12771;13417;;13426;13840;13892;14377;15045;15134;13261;14305
Universidad;Magdalena;Santa Marta;Oficial;MATRICULADOS;219;105;608;776;1337;1549;1995;1709;2424;3561;3924;4656;5716;6537;7348;7639;8191;8830;9433;9796;10575;13314;13795;14305;14242;16024;16687;17166;19026;20265;20580;22019;20733;20479;22585;21744;20762;19509;19306;18288;18163;17984;18355;18636;19176;21110;22836;23285;23868;24267;23801;24086;20453;22223
Universidad;Magdalena;Santa Marta;No oficial;MATRICULADOS;916;724;1156;878;1504;1983;1692;1668;1836;2249;2135;2149;2205;1993;2197;2092;2220;2435;3121;3497;3536;3570;3948;4023;4230;4496;4457;4486;4814;4950;5230;5116;5309;5265;5411;5479;5650;5560;5608;5554;5594;5605;5826;5771;6015;5338;5745;5668;5938;5985;6026;5822;5113;5164
Universidad;Meta;Villavicencio;Oficial;MATRICULADOS;339;660;1030;1419;1732;1742;2025;2268;2630;2904;3091;3360;3553;3715;3835;4014;4153;4406;5159;5240;5423;5584;5491;5764;5569;5669;5483;5229;5073;5106;5037;4994;5026;5063;5122;5353;5521;5479;5693;5634;5764;5768;5616;5746;5821;;6169;6144;6369;6536;6779;7017;6207;6512
Universidad;Nariño;Pasto;Oficial;MATRICULADOS;92;196;253;335;358;419;793;818;895;1026;1070;1190;1073;1295;1248;1417;1110;1603;4310;5401;5309;7007;6272;7717;7567;7798;9053;9837;9957;9959;9909;10101;10352;10449;10951;10819;11199;11200;11614;11723;12171;12402;12871;13089;13342;13273;14341;14165;13765;13986;13852;13275;11840;12290
Universidad;Nariño;Pasto;No oficial;MATRICULADOS;;;25;59;416;581;469;726;1083;1415;1714;1936;2182;2838;2606;3038;3370;3340;3934;3998;4606;4543;4361;4644;5291;5752;5576;5493;5377;5434;5492;5799;6124;6275;6628;6565;6758;6625;7056;6837;7099;6749;6976;6377;6349;5755;5931;5759;5821;5849;6136;6109;5217;5139
Universidad;Norte de Santander;Cúcuta;Oficial;MATRICULADOS;1239;2495;885;1126;1286;2805;3678;4372;5302;5984;6846;7326;7628;9090;9295;10331;9710;10287;8097;7889;8274;8928;9717;10083;11183;12335;12914;12868;14041;13184;13198;13811;14118;14508;15076;15470;16321;15972;15957;15683;16082;15881;16077;16247;16106;16917;17201;17427;16656;14933;15145;14387;12882;12839
Universidad;Norte de Santander;Cúcuta;No oficial;MATRICULADOS;367;426;704;550;926;910;1139;1106;1388;1369;1459;1395;1446;1380;1534;1402;1551;1554;1458;1455;1493;1532;1500;1530;1539;1490;1496;1509;1565;1581;1739;1780;1824;1848;1969;1965;2038;1992;1997;1923;1819;1774;1689;1632;1608;1504;1472;1435;1426;1460;1429;1389;1137;1093
Universidad;Norte de Santander;Ocaña;Oficial;MATRICULADOS;210;342;588;761;940;1071;1109;580;430;654;1495;857;1321;1773;1793;957;1839;1518;1430;1533;1729;1824;2294;2223;2835;2840;3503;3557;3702;3750;4226;4541;4919;5103;5269;5506;5808;5782;5839;5974;5960;5797;5981;5920;5651;5915;6005;5800;5774;5425;5529;5361;4742;4954
Universidad;Norte de Santander;Pamplona;Oficial;MATRICULADOS;5389;4782;6023;6887;8953;8748;10302;8728;11046;11684;14422;15130;16456;16656;17810;18583;21133;22112;29119;31133;36916;34109;33904;31564;29230;27393;27337;24869;23120;20586;18483;17520;18196;18715;21433;21410;23603;24205;25024;24905;24807;24644;23899;23574;23197;24015;23468;23214;21985;21497;21882;21345;19029;19878
Universidad;Quindío;Armenia;Oficial;MATRICULADOS;1;1;2;2;785;1358;1867;2165;2866;3348;3643;4184;4802;5223;5800;6191;5941;5813;6336;6982;8667;9345;10020;11167;11901;12233;12656;13486;14374;15243;15748;17139;17982;17788;16295;16768;17050;15982;15417;16992;13827;12938;12775;13130;13154;13443;14078;14524;14904;14901;14948;14850;12922;13654
Universidad;Quindío;Armenia;No oficial;MATRICULADOS;292;263;407;430;682;625;1052;1031;1431;1449;1698;1685;1871;1803;1939;1885;1847;1923;1830;1916;2389;2077;2271;2186;2397;2278;2396;2303;2372;2443;2466;2540;2481;2488;2809;2513;2923;2480;2481;2351;2333;2212;2243;2136;2246;2075;2119;1918;1927;1970;2054;2010;1672;1629
Universidad;Risaralda;Pereira;Oficial;MATRICULADOS;738;1151;1604;2259;2792;3042;3816;4117;4917;;5642;5795;6883;7361;8166;8184;9011;9386;10178;10627;11306;11553;12240;12663;13925;14158;14297;14637;14623;14641;15440;15646;17018;15969;16294;15878;16130;14919;15166;14921;14926;14665;14459;14304;14609;15225;15103;15236;14975;14803;14156;14219;12213;12822
Universidad;Risaralda;Pereira;No oficial;MATRICULADOS;2377;2654;3331;2521;3647;2725;3918;2908;4076;3274;4499;3466;4670;3715;4842;3589;4839;3600;4972;4793;5219;4853;5396;5279;4915;5095;5352;5388;5848;5778;6117;6120;6359;6299;6745;6732;6900;6569;6236;5964;5914;5579;5718;5410;5554;4964;5309;5076;5103;5088;5130;4875;4147;3982
Universidad;Santander;Bucaramanga;Oficial;MATRICULADOS;42;5;14;7;61;7;2112;3587;4326;5724;6917;8523;9307;9977;11626;12707;13237;13822;18327;18331;19050;19298;19896;19600;20104;20188;20137;19712;20121;19707;19982;19574;20069;20689;19754;19366;19110;18174;18462;18974;18885;18554;17952;18415;18415;19086;19941;20073;19888;19944;19798;20242;17845;19119
Universidad;Santander;Bucaramanga;No oficial;MATRICULADOS;9187;5180;7316;8268;11629;12034;13863;14660;16550;18189;19003;18508;18696;17661;17817;16742;16408;15440;18203;18932;21241;22973;26140;26872;30747;31290;32803;33158;34340;34472;36098;35379;37132;36494;38699;38258;39932;39697;40764;39706;39959;38895;39851;38446;39593;34721;36710;35521;35244;35197;35837;34732;29956;29732
Universidad;Santander;Barrancabermeja;No oficial;MATRICULADOS;112;108;219;297;408;450;595;584;694;769;857;813;946;844;738;753;719;690;689;725;867;956;1088;1065;1049;1081;1151;1061;1154;1124;1232;1146;1230;1190;1309;1212;1317;1247;1231;1130;1089;1061;1004;902;870;682;642;546;498;467;444;417;332;363
Universidad;Santander;Socorro;No oficial;MATRICULADOS;252;282;356;397;540;504;612;610;604;608;633;601;603;608;673;663;703;714;815;852;935;1017;1029;1037;991;983;1006;1012;1071;1068;1080;1116;1153;1234;1309;1320;1382;1320;1357;1310;1232;1172;1139;1038;1003;948;911;878;791;764;733;702;558;504
Universidad;Sucre;Sincelejo;Oficial;MATRICULADOS;11;92;33;1;3;1;;;;;244;431;763;901;1284;1504;1774;1985;2515;2951;3260;3515;3723;4056;4246;4305;3674;4425;4359;4594;4692;4988;4931;5011;5076;5112;5229;5236;5234;5164;5449;5022;5677;5718;5789;5960;5974;6011;5981;5999;6014;5974;5315;5500
Universidad;Tolima;Ibagué;Oficial;MATRICULADOS;520;803;1229;1499;1837;2140;3718;2230;3977;4306;4696;4437;3656;3220;3611;3903;3182;3183;5671;7056;10312;11389;15973;14930;21517;17265;23802;19366;24083;20345;16635;15832;16629;17020;15177;14053;14449;14004;12492;12621;13614;14676;15271;16824;17764;20246;21565;22821;22408;21893;22569;22521;19180;21096
Universidad;Tolima;Ibagué;No oficial;MATRICULADOS;498;710;1089;1177;1492;1604;1905;1953;2324;2517;2907;2897;3171;3115;3353;3263;3617;3583;3948;3965;4532;4557;5182;5074;5768;5665;6172;6162;6478;6119;6539;6496;6746;6574;6994;6849;7373;7049;7022;6468;6295;5875;6099;5640;5494;4950;5107;4680;4785;4477;4599;4297;3829;3570
Universidad;Valle del Cauca;Cali;Oficial;MATRICULADOS;169;1389;1161;4193;4445;8006;8479;11165;11015;13871;13288;16082;16706;19253;19909;21681;21176;22716;14247;17099;17829;19757;17939;19278;21826;21209;23587;21259;23712;21875;23190;22359;23441;21810;22731;21137;23388;24042;23754;23920;25803;25233;26284;25772;14713;29161;21838;29351;29924;29936;31245;30534;26507;26914
Universidad;Valle del Cauca;Cali;No oficial;MATRICULADOS;8455;13499;14822;17129;18067;20325;20134;22335;22983;25640;25343;25919;25424;25203;24242;24052;23587;24533;25495;27664;27970;29871;29393;30929;31166;32357;32372;33045;34038;34759;35123;36300;36793;37270;40208;40954;44460;45519;48217;46084;45330;44654;45047;44970;44513;40829;42940;42368;43920;44030;44856;44816;38975;40373
Universidad;Valle del Cauca;Buenaventura;Oficial;MATRICULADOS;;;;;;176;338;396;462;505;651;715;635;754;723;828;912;917;1187;1557;1488;1672;1532;1473;1447;1807;1645;1621;1414;1121;1262;1528;1518;1650;1857;2210;2234;2391;2228;2340;2650;2729;2664;2673;2650;2687;2824;2534;2468;2441;2599;2878;2455;2366
Universidad;Valle del Cauca;Palmira;Oficial;MATRICULADOS;215;369;417;582;652;634;758;981;1007;1127;1574;1762;1842;1936;1906;1863;1894;1904;2012;2022;136;1877;1650;1772;1823;1841;1958;2024;2200;2322;2401;2420;2369;2568;2638;2693;2796;2784;2826;2746;2670;2636;2592;2638;2664;2777;2812;2734;2673;2693;2595;2593;2326;2324
Universidad;Valle del Cauca;Palmira;No oficial;MATRICULADOS;;;;;;;;;19;41;51;138;179;252;252;412;439;506;710;816;913;1063;1108;1301;1427;1588;1428;1710;1744;1221;1262;1238;1229;1198;1054;1120;1231;1301;1369;1401;1423;1396;1690;1908;1989;1993;2124;2125;2284;2447;2506;2413;2089;2136
Universidad;Arauca;Arauca;Oficial;MATRICULADOS;62;59;56;122;117;112;110;169;154;127;124;120;79;65;71;48;38;22;13;2;5;;;;;;;;;;;;;;;;;;;;;;;;;;;;;;;;;
Universidad;Casanare;Yopal;Oficial;MATRICULADOS;;;;;;;;;;;51;104;167;161;156;147;172;165;404;440;1247;1101;1201;1167;1310;1252;1483;1428;1619;1657;1759;1721;1894;1811;2012;1897;2146;1823;1842;1779;1811;1702;1747;1643;2051;1747;2077;2008;2411;2521;2540;2662;2284;2700
Universidad;Amazonas;Leticia;Oficial;MATRICULADOS;;;;;28;24;20;20;20;20;19;19;18;18;7;4;;;;;;;;;;;;;;;;;;;;;;;;;;;;;;;;;;;;;;
Institución universitaria/Escuela Tecnológica;Antioquia;Medellín;Oficial;MATRICULADOS;13322;15377;16715;18360;20127;20347;21096;21341;21358;21240;20991;21713;22157;22700;22958;22501;23380;25013;29958;23255;29126;25926;36525;40696;41899;43572;45496;48230;46591;48622;49482;51917;47252;49771;48161;50361;52096;51559;51069;52826;53225;53931;55974;57132;58901;61855;65230;65764;62189;62059;62638;61425;50479;62379
Institución universitaria/Escuela Tecnológica;Antioquia;Medellín;No oficial;MATRICULADOS;3058;2983;4800;4781;4724;4382;4396;4952;5915;5908;6982;6810;7479;7872;8587;8728;9781;9490;13172;13330;14324;14088;15524;15517;28308;28339;29441;30891;34373;35415;37140;37345;38115;38693;38701;37632;39878;40351;38074;36949;35421;34554;36181;34971;34720;31489;34004;32746;33642;32464;31709;30051;24920;24398
Institución universitaria/Escuela Tecnológica;Antioquia;Apartadó;No oficial;MATRICULADOS;;;;;;;;;;;53;53;44;34;40;23;25;26;44;34;34;56;68;60;70;63;54;45;50;47;37;27;20;14;37;100;111;142;162;191;267;290;317;318;351;302;315;289;291;208;317;304;3;133
Institución universitaria/Escuela Tecnológica;Antioquia;Bello;No oficial;MATRICULADOS;;;;;155;84;238;238;255;293;381;517;620;595;711;632;735;644;823;866;1118;1231;1728;1902;1856;1571;1960;2029;2382;2473;2826;2995;3114;3052;3005;2959;3084;2944;2884;2841;2939;2947;2987;2905;2995;2555;2931;2806;3114;3219;3456;3390;2888;2717
Institución universitaria/Escuela Tecnológica;Antioquia;Caldas;No oficial;MATRICULADOS;210;374;573;624;156;719;784;797;870;798;814;753;729;697;718;719;890;809;884;872;1014;1027;1129;1116;1130;1075;1078;1088;1238;1174;1300;1271;1385;1346;1515;1520;1718;1380;1502;1387;1481;1420;1385;1316;1454;1397;1663;1606;1769;1773;1821;1719;1464;1472
Institución universitaria/Escuela Tecnológica;Antioquia;Envigado;Oficial;MATRICULADOS;355;398;766;643;951;697;957;812;1329;1040;1493;1187;1613;1333;2059;1967;2361;2109;2790;2909;2187;3122;3699;3691;3797;3272;3611;3437;3560;3389;3684;3674;3642;3287;3450;3321;3526;3287;3250;3097;3331;3176;3712;3602;3918;3790;4188;4526;4738;4769;4763;4791;4112;4444
Institución universitaria/Escuela Tecnológica;Antioquia;Sabaneta;No oficial;MATRICULADOS;382;435;638;891;804;1112;1257;1317;1223;1234;1116;1181;1021;1075;1137;723;535;434;178;261;245;343;947;901;933;1119;1417;1358;1942;2065;2718;3158;3845;4112;4903;5279;5922;5749;5640;5675;5618;5883;5942;5999;5741;5298;5216;5156;5115;5115;4729;4811;3614;3580
Institución universitaria/Escuela Tecnológica;Antioquia;Santa Rosa de Osos;No oficial;MATRICULADOS;;;;;1;1;;1;1;1;751;664;647;656;637;534;555;418;269;355;791;1006;1415;1338;1435;1440;1287;1941;2154;2348;2734;3006;3520;3374;3322;3150;3173;3231;3123;2745;3079;3046;2977;2937;2953;3241;3696;3773;4064;3869;4074;3949;3508;3378
Institución universitaria/Escuela Tecnológica;Atlántico;Barranquilla;Oficial;MATRICULADOS;;;;;;173;325;382;580;729;942;1032;1221;1128;1310;393;1716;331;1876;1185;2277;1740;2823;1924;2883;2220;3793;1373;2746;1631;3439;2833;3153;2415;3390;2543;3892;2111;3688;2487;4134;2944;4550;3286;4198;3168;4828;4086;5131;4270;5733;5180;4292;6912
Institución universitaria/Escuela Tecnológica;Atlántico;Barranquilla;No oficial;MATRICULADOS;452;143;218;264;704;474;784;616;627;705;1220;1169;1155;1093;3558;2971;3344;2847;3679;4073;4482;3991;4589;5024;6357;6514;8247;8679;10463;10951;13373;14119;16236;16462;17935;18632;19569;19727;20590;20317;20876;20669;21465;20930;22417;18452;21582;21539;23696;23846;23702;23318;17893;17575
Institución universitaria/Escuela Tecnológica;"Bogotá, d. c.";"Bogotá, D.C.";Oficial;MATRICULADOS;492;945;1528;1868;2274;2229;2464;2795;2402;3362;3307;3605;3770;3787;3789;2581;3018;3244;9112;11192;13336;13613;16501;17646;21816;19924;21287;17097;16045;18905;18119;15288;17548;19218;14819;12108;18419;19835;19588;20423;21479;22262;25625;26886;27359;24510;35000;33982;30334;29472;31774;38446;31325;34811
Institución universitaria/Escuela Tecnológica;"Bogotá, d. c.";"Bogotá, D.C.";No oficial;MATRICULADOS;17115;14861;17201;17054;20478;22016;24857;26737;28435;29053;32465;32514;32213;32676;35790;35038;39290;39329;52961;57790;70923;72702;81704;85387;98811;101798;117083;125037;143270;152191;175937;184546;201122;205286;222702;228481;254943;251913;265126;263459;267785;253822;261011;254742;259416;231806;249411;231321;246100;237286;251557;243565;194491;204107
Institución universitaria/Escuela Tecnológica;Bolívar;Cartagena de Indias;Oficial;MATRICULADOS;263;439;598;708;809;896;884;913;1056;1188;1314;1318;1360;1233;1290;1311;1334;1279;1397;1422;1677;1688;1729;1737;1759;1733;1964;1845;1996;1905;1894;1754;1912;2008;2232;2223;2476;2436;2635;2652;2784;2800;2835;3158;3593;3602;3954;4393;4896;4583;4738;5026;3956;4287
Institución universitaria/Escuela Tecnológica;Bolívar;Cartagena de Indias;No oficial;MATRICULADOS;781;1104;1996;2401;3306;3591;4615;4138;5590;5770;6667;6422;6125;5643;5426;5080;4970;4481;7147;7772;9820;9265;11503;11568;12761;12559;15476;14191;17099;18714;20471;20378;22170;21226;22429;22558;24036;23291;22453;20860;19821;18396;19048;18191;18438;12644;15569;15414;16891;17445;18731;18434;14999;14779
Institución universitaria/Escuela Tecnológica;Boyacá;Tunja;No oficial;MATRICULADOS;127;182;160;166;225;246;4;1;77;83;79;78;347;358;417;445;519;520;699;769;555;688;854;935;1038;1063;1405;1434;1718;1742;1947;2108;1797;2007;2394;2434;2866;2855;2795;3075;2855;2959;3140;3220;3348;2753;2966;2866;2931;2743;2702;2510;2151;1971
Institución universitaria/Escuela Tecnológica;Cauca;Popayán;Oficial;MATRICULADOS;114;182;273;309;355;215;485;515;614;514;557;352;594;555;648;537;420;456;556;420;440;472;610;690;914;1104;1375;1396;1544;1458;1472;1593;1717;1787;1880;1973;1973;1991;2027;1993;2000;2016;2100;2118;2118;2163;2189;2354;2376;2397;2478;2542;2154;2349
Institución universitaria/Escuela Tecnológica;Cauca;Popayán;No oficial;MATRICULADOS;65;156;99;278;373;337;438;467;625;668;846;907;999;951;1108;1172;1292;1348;1905;2246;2509;2829;3589;4109;5204;4617;5734;5793;6129;6493;7088;7558;8650;9030;9924;10269;10696;10726;10704;11025;11163;11236;11413;11080;11840;10272;10596;10328;10741;10735;10794;10640;9209;9149
Institución universitaria/Escuela Tecnológica;Cauca;Puerto Tejada;No oficial;MATRICULADOS;;;;;;;;;;;;;;;;;;;18;12;47;81;;84;77;23;;;;;;;;;;;;;;;;;;;;;;;;;;;;
Institución universitaria/Escuela Tecnológica;Cundinamarca;Cota;Oficial;MATRICULADOS;;;;;;;;;;;;;;;;;;;;;;;;;;;;;;;;;;;;21;;;;;;;;;;;;;;;;;;
Institución universitaria/Escuela Tecnológica;Cundinamarca;Facatativá;Oficial;MATRICULADOS;;;;;;;;;;;;;;;16;16;63;70;108;133;108;141;279;246;295;242;238;190;226;248;233;187;227;195;228;173;203;216;238;203;181;181;166;157;160;132;;;;;;;;
Institución universitaria/Escuela Tecnológica;Chocó;Quibdó;No oficial;MATRICULADOS;;;;;;;;;;;;;;;;;;;;;127;135;245;337;369;455;602;659;622;650;603;678;842;907;1192;1400;1641;1675;1888;2030;2401;2851;2297;2637;2873;2883;3301;3193;3231;3077;3031;2844;2382;2225
Institución universitaria/Escuela Tecnológica;Huila;Neiva;No oficial;MATRICULADOS;183;356;499;591;752;823;965;1015;1065;1132;1180;1212;1264;1207;1219;1177;1305;1362;1727;2214;2362;2401;2903;2923;3448;3618;4125;4336;4907;4716;4692;4769;5085;5251;5551;5520;5559;5394;5637;5545;5727;5762;5911;5736;5634;4894;5108;5019;4774;4605;4648;4456;3529;3432
Institución universitaria/Escuela Tecnológica;Huila;Rivera;No oficial;MATRICULADOS;;;;;;;;;;;;;;;;;;;;;;;;;;;;;;;35;58;125;198;335;375;528;529;592;603;689;667;705;751;831;745;831;832;772;749;762;817;573;597
Institución universitaria/Escuela Tecnológica;Magdalena;Ciénaga;Oficial;MATRICULADOS;42;32;64;71;111;54;79;77;81;55;48;122;117;100;179;183;262;239;385;382;375;319;340;318;418;433;677;688;574;559;604;583;658;621;698;678;720;779;695;558;543;605;669;634;1017;987;1788;2199;2666;2525;2716;2791;1730;2529
Institución universitaria/Escuela Tecnológica;Meta;Villavicencio;No oficial;MATRICULADOS;1417;115;258;233;243;389;429;322;334;292;911;870;976;1021;1207;1146;1314;1383;1719;1750;1883;1874;1993;1953;2221;2157;2478;2599;3023;3068;3333;3377;3557;3482;3669;3524;3526;3458;3280;3062;2858;2647;2724;2481;2597;2378;2612;2375;2392;2319;2352;2214;1840;1764
Institución universitaria/Escuela Tecnológica;Nariño;Pasto;No oficial;MATRICULADOS;;;66;66;62;124;74;53;57;48;61;49;26;20;38;21;96;191;220;289;362;377;512;443;417;461;515;505;656;773;1612;1555;2288;2295;3401;3773;4134;4626;3829;4207;4280;4717;4817;5020;5022;4320;4455;4088;3976;3805;3626;3467;2805;2650
Institución universitaria/Escuela Tecnológica;Norte de Santander;Cúcuta;No oficial;MATRICULADOS;;;;;;;;;;;;;;;;;;;;;;;;;;;;;;;;;;;;;;;;;;;;;;;7;35;88;149;176;216;197;215
Institución universitaria/Escuela Tecnológica;Quindío;Armenia;No oficial;MATRICULADOS;785;1017;1093;1162;1291;1257;1284;1153;1121;969;918;858;897;752;796;741;879;775;937;1046;1307;1363;1555;1520;1664;1718;1981;1976;2098;2076;2235;2236;2445;2480;2808;2575;2806;2778;2904;2691;2689;2453;2455;2290;2415;2205;2296;2208;2361;2376;2573;2530;2120;2168
Institución universitaria/Escuela Tecnológica;Risaralda;Pereira;No oficial;MATRICULADOS;177;214;309;408;491;528;649;710;770;804;939;1028;1122;1147;1099;1158;1155;1111;1314;1360;1661;1786;2198;2349;2758;2765;3128;3234;3566;3526;3734;3855;4131;4313;4603;4708;4884;4846;5286;5412;5678;5481;5725;5572;5729;5473;5804;5535;5781;5678;5852;5632;4542;4579
Institución universitaria/Escuela Tecnológica;Risaralda;Santa Rosa de Cabal;No oficial;MATRICULADOS;;;;;;;;;911;403;557;530;585;470;577;542;556;489;885;884;1200;1273;1581;1916;1684;1489;1431;1490;1674;1758;1886;1964;1729;1532;1583;1468;1438;1052;992;924;881;929;915;876;877;1020;1136;1045;1090;961;1069;893;623;843
Institución universitaria/Escuela Tecnológica;Santander;Bucaramanga;No oficial;MATRICULADOS;;;;;;10;50;28;57;42;67;56;59;59;43;29;13;8;8;7;4;5;1;;;7;104;133;81;54;48;81;183;270;455;657;707;546;563;552;604;754;800;862;969;894;915;858;840;865;836;774;612;619
Institución universitaria/Escuela Tecnológica;Santander;Barrancabermeja;Oficial;MATRICULADOS;1508;1240;1387;1310;1341;1621;1758;1676;1787;1856;1922;1760;1752;2199;1039;1105;898;1614;1492;1555;1673;1837;2014;2162;2467;2376;2747;2515;2574;2478;2870;2809;3159;3239;3609;3580;3959;3796;4072;3701;3876;3636;3692;3525;3590;3595;3840;3886;3827;3921;4152;4170;3581;3837
Institución universitaria/Escuela Tecnológica;Santander;San Gil;No oficial;MATRICULADOS;339;365;583;577;780;822;928;850;955;1022;1102;1153;1342;1330;1457;1325;1528;1611;1998;2270;2483;2471;2864;2860;3086;2999;3695;3707;4117;4082;4442;4328;4571;4407;4532;4359;4682;4534;4543;4251;4278;3975;3957;3652;3571;3050;2950;2681;2657;2494;2450;2310;1961;1883
Institución universitaria/Escuela Tecnológica;Sucre;Sincelejo;No oficial;MATRICULADOS;18;1;2;3;2;446;1519;1571;2230;2079;2389;2255;2285;2342;2630;2724;2950;2661;3208;3500;4369;4596;5375;5622;6495;6623;7949;8560;10039;10708;11430;11380;12190;12199;13030;13529;14305;13616;13725;12864;13486;13994;14396;14690;15422;13195;14221;13367;13475;13431;12696;11947;9806;9532
Institución universitaria/Escuela Tecnológica;Tolima;Ibagué;Oficial;MATRICULADOS;11;17;28;38;51;56;98;98;126;133;152;162;184;169;188;182;209;223;229;243;238;305;315;340;356;363;315;313;298;327;308;301;283;269;276;256;256;241;260;264;271;285;295;294;327;403;417;451;501;513;558;531;475;479
Institución universitaria/Escuela Tecnológica;Tolima;Espinal;No oficial;MATRICULADOS;;;;;;;;;;31;27;55;86;45;77;56;55;56;73;90;275;297;120;124;270;272;463;432;437;404;394;363;390;353;399;353;334;345;397;376;432;456;517;518;621;527;595;553;600;609;638;596;504;468
Institución universitaria/Escuela Tecnológica;Valle del Cauca;Cali;Oficial;MATRICULADOS;340;543;666;918;1133;1182;1480;1437;1445;1430;1648;1754;1956;2291;2479;2882;3461;3902;4794;5850;6499;6941;6889;6807;7334;6711;7434;7005;7342;7036;7735;8184;9245;9655;10238;10618;11116;11328;11711;11797;11978;11982;12331;13041;13138;13004;14086;15879;16098;16502;16916;16968;15194;16258
Institución universitaria/Escuela Tecnológica;Valle del Cauca;Cali;No oficial;MATRICULADOS;50;51;60;76;90;98;141;90;138;136;140;159;241;343;565;906;1299;1200;1724;2020;2306;2546;2649;2383;2216;1921;2017;2044;2319;2192;2649;2697;3139;3022;3608;4137;4488;4540;4727;5153;5922;5870;6228;6199;5751;4664;4290;4446;4219;4055;3887;3430;2645;2405
Institución universitaria/Escuela Tecnológica;Valle del Cauca;Tuluá;Oficial;MATRICULADOS;64;9;43;12;67;58;140;246;686;775;1114;1190;1515;1475;1719;1568;1896;1987;2777;2819;3098;3039;3196;3178;3320;3118;3518;3345;3723;3621;3869;3747;3688;3694;3853;3931;4019;4124;4216;4304;4251;3959;3828;3728;3887;3953;4247;4632;4832;4978;5238;5408;4963;5418
Institución universitaria/Escuela Tecnológica;Putumayo;Mocoa;Oficial;MATRICULADOS;;;;;;;;;;;;;;;171;153;264;266;395;406;309;246;496;265;321;689;372;291;320;434;764;910;874;876;1027;1517;1091;1279;1320;1386;1461;1532;2180;2166;2360;2552;2662;2547;2621;2478;2414;2276;1747;1956
Institución universitaria/Escuela Tecnológica;Putumayo;Sibundoy;Oficial;MATRICULADOS;;;;;;;;;;;;;;;;;;;;;105;136;203;169;204;234;80;73;111;115;122;128;134;109;139;94;153;109;;;;;;;;;;;;;;;;
Institución tecnológica;Antioquia;Medellín;No oficial;MATRICULADOS;446;394;429;357;827;833;988;889;1004;900;892;813;845;779;816;754;873;799;706;692;661;590;798;756;776;666;669;594;574;594;585;563;561;496;484;490;528;536;575;607;651;631;666;668;657;424;443;458;475;395;473;353;307;285
Institución tecnológica;Antioquia;Santa Fé de Antioquia;No oficial;MATRICULADOS;;;;;;;;;;;;;;;43;62;84;87;141;128;155;199;233;201;185;181;144;160;78;78;78;79;62;74;57;152;176;87;136;124;177;123;85;96;81;86;43;39;62;34;43;;29;
Institución tecnológica;Antioquia;Copacabana;No oficial;MATRICULADOS;;;;;;;;;;;9;13;24;25;40;40;51;49;77;76;58;58;34;;11;8;;;;;;;;;;;;;;;;;;;;;;;;;;;;
Institución tecnológica;Antioquia;Envigado;Oficial;MATRICULADOS;;;;;;;;;;;;;;;;;;;;;;;;280;119;126;209;220;306;336;351;370;365;365;434;412;463;423;461;430;443;454;601;587;759;602;758;914;961;971;1100;1084;828;970
Institución tecnológica;Antioquia;Marinilla;No oficial;MATRICULADOS;;;;;;;;;;;;;;;;;;;;;92;114;108;297;314;383;346;230;71;65;94;64;146;253;319;421;379;311;255;230;241;203;121;117;41;86;110;72;69;80;89;112;72;68
Institución tecnológica;Atlántico;Barranquilla;Oficial;MATRICULADOS;;;;;;;211;211;211;230;367;367;423;423;310;310;501;501;166;166;529;399;564;173;456;275;659;477;537;380;394;429;437;498;431;698;344;431;447;187;116;137;470;496;543;399;524;254;244;497;522;514;415;426
Institución tecnológica;Atlántico;Barranquilla;No oficial;MATRICULADOS;;;;;;;;;;;;;;;;;;;;;;;;;12;13;21;20;16;22;26;33;108;117;254;313;427;451;438;377;395;346;315;303;318;203;284;282;315;306;364;349;244;234
Institución tecnológica;"Bogotá, d. c.";"Bogotá, D.C.";Oficial;MATRICULADOS;;;;;;;;;;;;;;;;;;;;;;;;;8505;10540;76212;119246;162642;217608;259447;324546;326770;353573;387144;389675;329502;378425;347498;405869;328292;407666;313228;371269;292446;371730;329069;400915;323138;400662;291328;378083;238874;322640
Institución tecnológica;"Bogotá, d. c.";"Bogotá, D.C.";No oficial;MATRICULADOS;732;1001;1330;1238;1568;1600;1547;1279;1359;1263;1516;1514;1527;1645;1840;2732;2893;3239;7426;7215;9746;10408;14127;15025;16172;15746;17604;17772;18696;15751;16278;16596;18618;15544;17220;15458;17815;14922;15308;15684;15372;13187;13054;11166;9848;7675;10807;12960;16903;16957;17644;21889;5712;12821
Institución tecnológica;Cundinamarca;Fusagasugá;No oficial;MATRICULADOS;15;17;17;9;36;40;39;32;14;11;10;1;36;51;71;64;44;56;48;21;3;85;61;71;97;96;123;118;155;126;115;108;88;62;60;46;57;60;71;87;114;118;106;115;129;113;125;105;102;83;84;83;47;43
Institución tecnológica;Cundinamarca;Madrid;Oficial;MATRICULADOS;440;332;477;420;506;502;583;529;564;564;463;460;351;346;356;353;379;379;381;380;373;373;385;371;391;390;458;445;476;477;439;437;402;389;400;385;425;281;481;425;509;376;570;522;639;552;681;605;597;560;558;;297;
Institución tecnológica;Cundinamarca;Nilo;Oficial;MATRICULADOS;;;;;;;;;;;;;;;;;;;1089;2563;4463;6211;6630;6659;5676;5670;4909;4255;5174;5090;4931;4684;4254;4871;5525;6230;6497;6458;4841;4996;5051;5149;5327;5570;4233;4395;4467;4371;5328;4476;3910;3454;2411;2142
Institución tecnológica;Nariño;Pasto;No oficial;MATRICULADOS;;;;;;;247;398;528;852;943;1156;1170;1267;1183;1024;1112;1122;1481;2001;2078;2469;2724;2945;3126;3314;3637;3685;3944;4166;4400;4474;4693;4852;5200;5401;5879;6119;6272;6270;6316;6212;6273;6264;6361;5619;5806;5637;5647;5702;5749;5596;4892;4737
Institución tecnológica;Norte de Santander;Cúcuta;No oficial;MATRICULADOS;;2;85;107;128;117;174;334;339;325;251;207;253;192;248;215;207;153;88;110;191;198;853;1034;1545;1605;1275;1210;1461;1432;1527;1513;1629;1514;1612;1549;1658;1646;1502;1412;1446;1319;1391;1324;1417;982;1170;1142;1276;1436;1528;1431;1044;1034
Institución tecnológica;Norte de Santander;Pamplona;Oficial;MATRICULADOS;976;475;899;897;640;584;474;527;351;59;655;590;485;318;442;424;60;;598;629;870;1027;1122;1363;913;268;1200;869;1196;661;818;813;953;703;597;516;520;485;631;667;790;799;951;1098;1312;1450;1514;1471;1384;1208;1117;1078;772;1267
Institución tecnológica;Santander;Bucaramanga;Oficial;MATRICULADOS;184;362;609;1175;2104;2784;4255;4746;6114;6942;7725;7849;8682;9088;10499;10583;11126;11213;13617;13618;15649;15240;12809;14151;14761;15746;18063;9049;16877;16194;17598;17005;15509;16557;19312;17241;18904;16642;16652;15335;15381;14332;15770;16243;17647;16899;19410;21583;21308;21292;21265;21472;17260;19532
Institución tecnológica;Santander;Bucaramanga;No oficial;MATRICULADOS;175;242;342;510;747;757;865;750;747;670;864;944;1062;1000;1157;1189;1674;1528;1828;1575;1803;1672;1899;2292;2737;2316;2166;1571;1635;1372;1226;964;1126;1029;1003;1336;1063;961;895;617;704;709;766;684;486;259;331;358;322;655;751;495;466;329
Institución tecnológica;Santander;Barrancabermeja;No oficial;MATRICULADOS;;;;;;;;;;;;;;;;;;;;;;;;;;;;;;;;;;;;;;;;;;;;;;;30;41;97;106;111;92;70;
Institución tecnológica;Sucre;Coveñas;Oficial;MATRICULADOS;;;;;;;;;;;;;;;;;94;189;195;203;212;219;209;110;13;103;148;118;100;218;263;241;167;191;179;152;176;248;207;262;268;327;350;376;405;344;309;278;291;326;307;283;203;262
Institución tecnológica;Tolima;Honda;No oficial;MATRICULADOS;;;;;;;42;66;116;99;159;168;129;175;201;223;277;251;332;287;358;361;390;345;378;406;374;368;394;349;434;415;393;346;375;367;340;278;348;340;302;330;300;284;211;256;273;234;288;244;;;77;175
Institución tecnológica;Valle del Cauca;Cali;No oficial;MATRICULADOS;127;145;109;139;166;241;224;263;193;174;179;777;1407;1718;2001;2303;2876;2849;3572;3830;3723;4462;4304;4055;3984;3963;3850;3567;3523;3626;3567;3570;4596;4687;5033;5078;5254;5630;5625;5418;5671;5327;5256;4825;4558;3512;3358;2964;2664;2447;1578;1961;1509;1036
Institución tecnológica;Valle del Cauca;Cartago;No oficial;MATRICULADOS;204;158;121;89;79;30;10;8;38;33;34;46;49;43;114;153;1;139;71;172;12;19;31;101;144;236;305;390;447;523;399;456;471;452;455;444;479;486;483;433;465;462;482;488;465;380;436;410;450;438;468;444;329;315
Institución técnica profesional;Antioquia;Medellín;No oficial;MATRICULADOS;;;124;172;243;266;353;388;451;426;428;416;422;399;393;330;330;331;398;431;438;479;552;490;466;410;387;360;335;245;218;142;89;43;;;;;;;;;;;;;;;;;;;;
Institución técnica profesional;Atlántico;Barranquilla;No oficial;MATRICULADOS;342;595;880;1187;1595;1876;1566;1445;1553;1321;1533;1512;1460;1317;916;900;744;1001;1652;1490;1685;1428;1498;966;1271;1456;1356;1002;1423;1032;1357;1277;1726;1675;1519;1301;1118;808;685;617;680;488;399;308;245;235;497;924;2321;2243;2193;2332;996;345
Institución técnica profesional;"Bogotá, d. c.";"Bogotá, D.C.";No oficial;MATRICULADOS;630;689;2583;624;1916;1858;2050;3575;4796;4198;4547;4630;4444;4311;5209;7270;7147;5698;16350;16530;18376;18077;12546;23837;24802;25094;28401;26291;27136;25333;30763;31238;34061;30054;32031;34853;34511;37868;36494;33574;32530;32833;33155;35220;30019;27910;32274;36787;44642;45760;49898;51613;32834;47786
Institución técnica profesional;Caldas;Pensilvania;Oficial;MATRICULADOS;208;187;171;159;192;115;131;142;148;110;193;114;189;174;255;226;391;257;251;197;303;278;349;338;283;276;290;222;249;185;195;173;171;134;181;171;357;315;400;351;271;320;333;295;493;540;630;590;653;681;527;679;333;373
Institución técnica profesional;Cesar;Valledupar;No oficial;MATRICULADOS;96;173;324;369;427;471;435;344;317;227;141;270;66;101;90;107;185;253;325;288;344;315;395;103;507;173;335;127;129;94;68;41;83;38;82;;;;;;;;;;;;;;;;;;;
Institución técnica profesional;La Guajira;San Juan del Cesar;Oficial;MATRICULADOS;;;;;;;;;;;;;;;124;199;338;368;513;560;597;553;499;541;707;668;616;625;721;876;842;659;77;696;556;369;351;202;259;250;283;341;425;500;702;610;941;892;866;803;749;766;529;799
Institución técnica profesional;Risaralda;Pereira;No oficial;MATRICULADOS;;;;;;;;;;;;;;;;;;;82;99;74;49;102;68;8;15;112;135;178;204;280;310;289;257;193;209;239;328;360;370;552;539;588;599;1074;926;1033;944;1040;1038;1153;1376;865;1029
Institución técnica profesional;Santander;Bucaramanga;No oficial;MATRICULADOS;59;308;251;169;49;103;112;118;113;106;215;160;194;133;142;112;87;78;116;102;76;479;422;114;276;446;120;262;195;289;182;160;385;500;609;542;452;309;155;126;119;176;44;411;373;405;560;479;418;347;275;162;65;38
Institución técnica profesional;Tolima;Espinal;Oficial;MATRICULADOS;328;320;465;433;676;652;666;586;729;643;763;666;685;493;536;386;510;470;612;538;665;543;1065;920;1377;1646;1975;1796;2214;1913;1660;1785;1770;1669;2256;2270;2876;2822;3114;3085;3323;3269;3564;3707;3996;3762;4017;4041;4181;4183;4443;4395;3018;3020
Institución técnica profesional;Valle del Cauca;Cali;Oficial;MATRICULADOS;;;;;;;;;;;;;;;;;;;429;375;545;532;903;1148;1395;1113;1372;1168;1383;1766;1507;1585;1939;1301;1569;1052;1161;733;709;843;732;729;979;874;918;869;1152;1801;1759;1673;1723;1718;1097;1132
Institución técnica profesional;Valle del Cauca;Cali;No oficial;MATRICULADOS;481;353;415;445;492;574;592;626;685;836;972;1136;1299;1419;1529;1645;1707;1768;1884;2093;2170;2092;2153;2184;2188;2265;2334;2433;3201;3081;3487;3343;3091;3266;3176;3016;2907;2654;2497;2132;2204;2152;2614;2614;2393;1436;1682;1571;1594;1661;1659;1712;1267;1420
Institución técnica profesional;Valle del Cauca;Guadalajara de Buga;Oficial;MATRICULADOS;;;;;;;;;3;4;4;1;2;91;2;53;2;95;149;69;14;188;129;153;212;182;282;195;300;312;454;372;263;102;198;179;266;300;641;325;494;548;1034;875;593;625;604;564;552;918;1063;1161;657;1165
Institución técnica profesional;Valle del Cauca;Roldanillo;Oficial;MATRICULADOS;170;422;528;677;732;758;723;733;729;774;662;641;592;549;588;572;848;912;1167;1363;1446;1433;1408;1124;1261;1007;948;810;966;800;1025;966;956;938;1188;1555;1781;1635;1866;1842;2284;2267;2583;2544;2243;2406;3342;3109;3687;3315;3895;3885;2406;2835
Institución técnica profesional;Archipiélago de San Andrés y Providencia;San Andrés;Oficial;MATRICULADOS;125;114;158;148;229;146;201;143;192;92;208;109;124;47;72;17;71;37;187;205;329;240;255;178;238;348;156;94;174;186;231;202;162;77;61;43;23;34;70;66;71;69;106;132;196;241;896;574;424;339;220;253;173;176
