ACADE;FINAN;CI_RECI;TIPO;1998-1;1998-2;1999-1;1999-2;2000-1;2000-2;2001-1;2001-2;2002-1;2002-2;2003-1;2003-2;2004-1;2004-2;2005-1;2005-2;2006-1;2006-2;2007-1;2007-2;2008-1;2008-2;2009-1;2009-2;2010-1;2010-2;2011-1;2011-2;2012-1;2012-2;2013-1;2013-2;2014-1;2014-2;2015-1;2015-2;2016-1;2016-2;2017-1;2017-2;2018-1;2018-2;2019-1;2019-2;2020-1;2020-2;2021-1;2021-2;2022-1;2022-2;2023-1;2023-2;2024-1;2024-2
Sin Informaci¿n;Sin Informaci¿n;Sin Informaci¿n;DESERTORES;;;;;;;;;;;;;;;;;0;0;0;0;0;0;0;0;0;0;0;0;0;2;1;0;0;1;0;0;1;2;1;0;0;0;0;1;0;;1;0;0;0;0;0;0;0
Sin Informaci¿n;Sin Informaci¿n;Ninguno;DESERTORES;0;0;0;0;0;0;0;0;0;1;0;1;0;2;0;0;2;1;1;0;0;0;0;1;5;4;11;3;1;9;5;4;3;4;8;5;8;3;2;24;15;18;17;19;20;30;21;37;39;29;22;20;22;46
Sin Informaci¿n;Sin Informaci¿n;1 a 3;DESERTORES;;;;;;;;;;;0;0;0;0;0;0;0;1;0;0;0;0;0;0;0;0;0;0;1;0;0;0;0;2;1;2;0;2;2;1;0;1;0;2;2;3;2;2;3;2;1;2;3;1
Sin Informaci¿n;Sin Informaci¿n;4 a 6;DESERTORES;;;;;;;;;;;;;0;0;0;0;0;0;0;0;0;0;0;0;0;0;0;0;0;1;0;1;2;0;0;0;0;3;0;1;0;1;1;0;2;2;0;0;1;0;0;0;0;1
Sin Informaci¿n;Sin Informaci¿n;M¿s de 7;DESERTORES;;;;;;;;;;;0;0;0;0;0;0;0;0;0;0;0;0;0;1;0;0;1;1;0;2;2;0;1;0;0;1;4;1;2;1;0;2;1;0;0;0;0;0;0;0;0;0;0;0
Sin Informaci¿n;Ninguno;Sin Informaci¿n;DESERTORES;;;;;;0;0;0;0;0;0;0;0;0;0;0;0;1;1;0;0;0;0;0;1;0;0;0;1;2;0;0;2;1;2;0;1;0;0;1;1;0;1;0;0;0;0;;0;0;0;0;0;0
Sin Informaci¿n;Ninguno;Ninguno;DESERTORES;0;0;11;14;15;13;21;22;81;64;48;57;79;64;74;62;71;64;93;156;45;59;37;31;31;47;78;29;20;90;36;36;37;54;51;46;47;65;66;56;50;69;56;45;78;99;99;68;77;81;40;54;68;49
Sin Informaci¿n;Ninguno;1 a 3;DESERTORES;0;0;0;0;0;2;0;2;1;6;2;1;4;4;0;1;3;1;1;2;2;1;1;1;1;0;0;0;1;5;1;3;1;3;0;1;0;1;1;3;3;4;4;1;4;7;5;1;6;4;0;1;1;1
Sin Informaci¿n;Ninguno;4 a 6;DESERTORES;0;0;0;0;0;0;0;0;0;0;1;0;0;0;1;0;0;0;0;1;1;0;0;0;0;1;0;0;0;3;2;0;2;0;2;2;0;1;3;3;1;3;1;1;7;3;1;2;2;0;0;1;1;1
Sin Informaci¿n;Ninguno;M¿s de 7;DESERTORES;;;;;;;0;0;0;0;0;0;0;0;2;0;1;1;0;0;0;0;1;0;0;1;3;0;0;3;1;1;0;1;1;0;1;2;0;4;5;1;4;1;1;3;1;0;0;2;0;;;
Sin Informaci¿n;1 a 3;Sin Informaci¿n;DESERTORES;;;;;;;;;;;;;;0;0;0;0;0;0;0;0;1;0;0;0;1;0;1;1;0;0;0;1;0;0;1;1;0;1;0;2;2;1;1;1;1;1;0;1;;;;;
Sin Informaci¿n;1 a 3;Ninguno;DESERTORES;0;0;0;0;0;3;2;5;29;28;9;10;14;3;5;5;4;17;22;32;16;12;11;5;16;16;12;9;14;17;12;18;22;16;28;35;26;41;36;54;56;66;59;79;78;87;117;112;158;149;134;136;162;124
Sin Informaci¿n;1 a 3;1 a 3;DESERTORES;0;0;0;0;0;0;1;0;1;1;1;0;5;0;0;1;1;0;0;1;1;2;0;0;2;2;1;0;1;1;1;2;1;1;1;5;5;5;0;1;3;5;10;5;4;9;9;12;9;9;2;6;7;5
Sin Informaci¿n;1 a 3;4 a 6;DESERTORES;0;0;0;0;0;0;0;0;1;0;0;0;2;0;0;0;0;0;1;1;0;0;0;0;1;0;0;1;1;0;0;0;1;0;1;0;0;1;1;1;4;2;3;3;3;4;4;0;1;3;0;0;4;1
Sin Informaci¿n;1 a 3;M¿s de 7;DESERTORES;;;0;0;0;0;0;0;0;0;0;0;0;0;0;0;0;1;0;0;1;0;0;0;0;0;1;0;0;0;2;1;1;1;1;2;1;0;2;0;0;2;0;1;0;0;1;1;0;0;1;0;0;0
Sin Informaci¿n;4 a 6;Sin Informaci¿n;DESERTORES;;;;;;;;;;;;;0;0;0;0;0;0;0;0;0;0;0;0;0;1;2;1;0;3;0;1;1;1;0;0;1;1;1;3;0;0;0;1;0;1;0;0;;;;;;
Sin Informaci¿n;4 a 6;Ninguno;DESERTORES;;0;0;0;0;0;0;0;0;3;2;1;2;0;2;0;2;0;2;2;3;3;2;2;11;8;11;10;8;22;7;10;16;15;15;16;12;16;20;36;34;49;29;58;59;75;75;54;48;69;91;101;144;174
Sin Informaci¿n;4 a 6;1 a 3;DESERTORES;;;;;0;0;0;0;1;1;0;0;1;0;1;0;0;1;3;0;0;2;1;0;1;1;1;1;0;1;0;0;1;1;0;3;0;1;0;5;1;1;4;7;5;4;3;6;5;7;3;1;2;2
Sin Informaci¿n;4 a 6;4 a 6;DESERTORES;;;;;;0;;;0;1;0;0;1;0;0;0;0;0;1;0;0;0;0;0;2;3;0;2;1;2;2;0;4;2;1;0;0;1;1;3;2;6;7;3;3;4;5;1;1;1;3;0;0;2
Sin Informaci¿n;4 a 6;M¿s de 7;DESERTORES;;;;;;;;;;;;;0;0;0;0;0;0;0;0;0;0;0;0;1;2;1;1;2;3;1;5;0;0;2;1;0;1;4;2;1;1;3;0;1;1;0;1;1;0;0;0;1;
Sin Informaci¿n;M¿s de 7;Sin Informaci¿n;DESERTORES;;;;;;;0;0;;;;;;;;0;1;0;0;0;0;0;0;0;0;0;0;0;0;1;0;0;0;0;0;0;0;0;1;1;0;0;0;0;0;;1;0;;;;;;
Sin Informaci¿n;M¿s de 7;Ninguno;DESERTORES;0;0;0;0;0;0;0;0;0;1;1;0;1;0;4;2;4;2;2;3;1;0;2;1;2;3;4;8;8;8;7;7;7;6;10;20;12;15;15;42;23;19;21;37;30;45;36;33;32;61;52;55;59;102
Sin Informaci¿n;M¿s de 7;1 a 3;DESERTORES;;;;0;0;0;0;0;0;0;0;0;0;0;1;0;0;0;0;0;0;0;1;0;0;0;0;0;2;0;0;0;2;2;0;3;0;0;0;3;0;3;1;4;2;3;6;2;1;1;2;2;2;2
Sin Informaci¿n;M¿s de 7;4 a 6;DESERTORES;;;;;;0;0;0;0;;;;0;1;0;0;0;0;0;0;1;0;0;0;0;0;0;0;0;2;0;0;0;0;0;0;0;1;2;1;1;2;2;4;3;2;0;0;0;0;0;0;0;0
Sin Informaci¿n;M¿s de 7;M¿s de 7;DESERTORES;;;;;;;0;0;;0;0;0;1;0;0;0;0;0;1;0;0;0;1;1;3;0;2;1;1;4;0;0;2;0;1;1;0;2;0;5;3;5;1;1;1;0;0;2;0;0;;0;;
Ninguno;Sin Informaci¿n;Sin Informaci¿n;DESERTORES;0;0;0;0;1;0;0;2;1;0;1;0;1;1;2;4;2;1;1;5;3;6;7;8;13;2;5;11;8;10;11;12;6;10;10;8;6;9;15;8;6;5;4;5;2;2;3;2;3;0;1;0;2;0
Ninguno;Sin Informaci¿n;Ninguno;DESERTORES;0;0;15;8;45;31;27;22;61;86;57;75;78;112;133;164;162;178;230;449;275;278;462;463;357;369;385;371;351;376;653;468;400;513;530;496;553;508;611;865;568;585;573;631;629;730;812;740;696;642;696;695;820;784
Ninguno;Sin Informaci¿n;1 a 3;DESERTORES;0;0;0;5;5;3;1;4;8;8;5;7;16;27;23;20;19;19;30;44;32;22;26;26;27;21;23;23;22;26;18;19;26;26;37;31;39;30;38;42;42;38;32;24;24;31;29;35;24;12;18;19;20;17
Ninguno;Sin Informaci¿n;4 a 6;DESERTORES;0;0;0;0;0;2;1;0;2;1;5;1;3;4;1;11;13;8;17;19;17;9;17;18;8;31;25;17;16;26;16;26;57;50;52;42;32;33;26;33;25;17;20;16;19;19;17;14;6;4;4;7;6;5
Ninguno;Sin Informaci¿n;M¿s de 7;DESERTORES;0;0;1;1;0;1;0;2;0;0;0;1;2;1;1;7;2;4;3;17;8;15;12;8;17;14;21;22;27;18;31;28;22;17;15;28;23;22;31;25;16;10;5;4;11;4;3;5;2;3;3;2;2;3
Ninguno;Ninguno;Sin Informaci¿n;DESERTORES;0;0;38;30;59;55;74;100;134;125;161;162;211;205;205;251;310;279;259;372;354;443;530;528;541;569;680;758;701;699;727;685;661;643;507;526;488;526;503;445;318;349;245;270;141;241;89;157;98;174;60;184;56;148
Ninguno;Ninguno;Ninguno;DESERTORES;0;0;39842;28190;35971;31663;39544;43583;50295;44600;50601;53617;60459;62489;60852;67845;64931;60437;61291;82920;78830;88435;103969;101636;103229;106596;108555;116820;116037;118966;131797;121032;149104;154986;157674;137473;173832;184740;153832;171217;122898;167499;87809;162666;81596;163741;95670;130759;77422;161375;72193;179950;74063;151868
Ninguno;Ninguno;1 a 3;DESERTORES;0;0;1315;943;1416;1324;1797;1901;2624;2157;2499;3005;3148;2973;3227;3490;3407;3543;3564;4852;5176;5580;6443;6808;8150;7874;8270;10196;8723;9308;8426;8813;8792;8659;8372;8230;8526;8276;7270;6153;4141;4623;2748;4063;2130;3846;1838;2604;1427;2679;1167;2898;926;2252
Ninguno;Ninguno;4 a 6;DESERTORES;0;0;240;240;327;384;526;614;808;672;789;820;1024;1169;1159;1187;1311;1357;1513;2055;1936;2154;2490;2831;3116;3170;3134;3695;3411;3388;3431;3599;3571;4085;3749;3308;3036;3292;3102;2579;1890;2074;1318;1818;1092;1573;735;967;534;1118;462;1140;312;852
Ninguno;Ninguno;M¿s de 7;DESERTORES;0;0;114;144;173;196;289;288;363;337;407;465;599;677;788;818;923;864;899;1263;1195;1371;1532;1704;1835;1957;1966;2458;1958;2146;1744;1683;1418;1502;1266;1419;1229;1360;1373;1116;769;764;413;529;204;425;165;342;143;385;111;395;87;320
Ninguno;1 a 3;Sin Informaci¿n;DESERTORES;0;0;6;0;10;5;7;11;12;11;18;17;23;46;80;40;56;44;64;109;82;115;120;128;121;144;146;147;158;194;141;147;142;135;135;134;111;168;155;153;172;157;143;98;54;69;49;52;54;45;44;35;38;21
Ninguno;1 a 3;Ninguno;DESERTORES;0;0;1012;955;2169;1388;2294;2936;4505;4976;4423;5358;6442;7245;9275;8656;10944;9861;11367;15261;11567;12988;12821;12801;12753;15444;14855;14377;21927;21602;20521;20279;19539;21348;22217;21749;23374;23850;34132;37503;40272;39022;32856;32205;33115;42094;37063;34161;38973;44724;51980;51492;49284;36102
Ninguno;1 a 3;1 a 3;DESERTORES;0;0;50;50;148;90;129;150;315;334;282;402;409;435;674;571;744;731;928;1269;1236;1317;1227;1142;1293;1422;1667;1338;1853;2226;1865;1764;1590;1716;1512;1518;1458;1466;1813;1860;1732;1709;1252;1137;1006;1119;896;881;854;853;877;831;701;471
Ninguno;1 a 3;4 a 6;DESERTORES;0;0;12;13;36;24;50;56;89;122;88;130;145;180;285;198;247;308;341;551;469;468;545;535;581;704;720;693;872;976;850;865;900;974;904;851;753;712;892;1045;970;926;647;630;582;549;354;369;340;340;321;279;266;218
Ninguno;1 a 3;M¿s de 7;DESERTORES;0;0;11;6;12;13;21;27;40;54;39;59;95;86;244;110;184;165;199;431;290;354;253;333;291;372;352;362;481;607;457;407;369;405;367;362;345;379;495;453;404;312;213;164;102;121;72;99;84;81;73;79;76;53
Ninguno;4 a 6;Sin Informaci¿n;DESERTORES;0;0;1;1;1;1;1;2;1;2;2;6;3;3;9;9;6;12;9;39;12;17;30;32;45;36;46;37;33;44;43;62;73;75;72;61;53;45;51;28;42;36;27;25;13;16;11;11;11;9;6;5;7;7
Ninguno;4 a 6;Ninguno;DESERTORES;0;0;100;60;524;204;204;256;464;553;438;760;701;958;925;1419;1410;1472;1648;5083;2663;2489;2408;2318;2192;2428;2312;2589;2497;2972;3195;3567;3555;4091;3780;3810;3711;4431;5428;5611;4241;5046;4521;5241;5280;8302;6208;6162;5953;6843;6321;7236;7592;7602
Ninguno;4 a 6;1 a 3;DESERTORES;0;0;8;6;44;22;18;27;43;41;34;66;74;96;110;116;132;153;148;332;177;185;220;155;175;172;145;174;176;204;194;225;223;266;220;272;217;270;337;295;241;237;233;208;259;317;223;181;163;149;153;136;136;138
Ninguno;4 a 6;4 a 6;DESERTORES;0;0;2;2;6;5;10;13;11;18;14;18;21;38;45;47;44;77;108;289;104;163;218;193;171;227;190;221;195;236;234;313;287;340;323;299;232;283;356;228;170;183;159;149;166;146;99;65;77;68;56;61;58;39
Ninguno;4 a 6;M¿s de 7;DESERTORES;0;0;2;1;2;1;3;4;3;6;3;16;14;17;21;21;20;25;26;166;54;66;52;72;93;112;82;125;109;158;135;160;123;166;179;155;160;146;154;119;100;93;57;35;28;27;19;19;23;24;20;16;12;10
Ninguno;M¿s de 7;Sin Informaci¿n;DESERTORES;0;0;0;0;0;0;0;0;1;2;3;2;0;0;1;2;2;2;2;9;2;6;7;3;9;12;19;11;10;8;14;7;14;9;13;20;13;19;20;18;20;12;13;11;6;7;7;3;5;3;2;2;0;3
Ninguno;M¿s de 7;Ninguno;DESERTORES;0;0;27;30;42;58;48;57;88;213;124;149;186;215;236;369;398;390;501;779;647;654;660;901;1112;1273;1465;1332;1254;1131;1462;1568;1262;1248;1547;1649;1619;1609;1917;2420;1623;1465;1414;1540;1351;1519;1303;1098;1158;1181;1258;1346;1469;1420
Ninguno;M¿s de 7;1 a 3;DESERTORES;0;0;1;6;6;3;7;8;4;14;9;13;25;37;46;55;48;34;43;71;59;43;48;50;61;70;69;49;50;50;57;58;49;45;75;66;64;82;89;108;84;58;84;81;78;58;58;48;51;48;41;29;38;27
Ninguno;M¿s de 7;4 a 6;DESERTORES;0;0;0;1;2;1;1;3;3;3;2;5;6;14;14;12;15;12;12;25;29;20;27;44;30;38;41;21;27;32;30;22;35;34;42;51;41;54;61;59;50;36;47;53;54;37;23;15;16;15;15;8;7;11
Ninguno;M¿s de 7;M¿s de 7;DESERTORES;0;0;0;0;0;1;2;2;1;4;2;2;3;5;8;5;6;8;5;14;5;21;20;35;25;54;56;55;55;74;76;65;72;82;77;75;82;86;90;87;75;49;33;29;33;12;9;10;7;6;6;5;9;3
1 a 3;Sin Informaci¿n;Sin Informaci¿n;DESERTORES;;;0;0;;0;0;0;0;0;0;0;0;0;1;0;1;0;0;0;1;1;1;1;1;2;5;2;1;2;5;3;11;7;8;5;10;9;8;8;4;8;5;4;4;7;4;3;0;3;3;1;1;2
1 a 3;Sin Informaci¿n;Ninguno;DESERTORES;0;0;1;0;0;3;0;4;3;22;4;8;13;9;13;19;17;24;21;44;37;28;71;64;55;82;83;101;93;123;173;199;205;229;307;354;371;421;496;681;789;610;716;756;877;907;894;940;872;901;913;926;1089;1107
1 a 3;Sin Informaci¿n;1 a 3;DESERTORES;0;0;0;0;0;0;0;0;0;0;1;0;0;1;2;1;0;0;0;6;1;2;2;4;6;7;12;5;7;8;6;13;15;18;27;18;25;28;26;29;35;29;41;32;36;41;28;51;37;29;23;18;21;15
1 a 3;Sin Informaci¿n;4 a 6;DESERTORES;0;;0;0;1;0;0;0;1;2;0;0;1;1;0;2;1;0;1;0;1;8;0;6;3;10;7;12;5;9;12;13;20;19;30;30;15;18;28;29;27;25;34;23;36;19;9;17;13;12;9;7;2;6
1 a 3;Sin Informaci¿n;M¿s de 7;DESERTORES;;;;;;;0;0;0;1;0;0;0;0;2;0;0;0;0;3;2;2;3;3;5;4;3;8;5;11;6;17;12;21;13;11;13;25;16;19;25;15;11;11;7;6;3;3;2;4;3;1;1;2
1 a 3;Ninguno;Sin Informaci¿n;DESERTORES;0;0;1;1;2;2;2;3;1;1;2;5;5;5;2;5;10;19;18;23;23;18;28;35;33;40;44;48;51;44;52;67;43;59;51;58;65;71;61;80;78;87;83;50;32;27;16;12;10;5;9;3;6;0
1 a 3;Ninguno;Ninguno;DESERTORES;0;0;1060;1078;1178;1021;1163;1469;1248;1446;1458;1450;1407;1493;1903;1743;2425;2670;3365;5061;3278;3570;4689;4651;5549;5369;6199;6557;7415;9103;9542;9640;9179;10692;11373;12274;13983;13452;18075;17011;18006;16599;16144;15629;16319;15950;13830;6031;9442;8144;8647;8418;9781;8811
1 a 3;Ninguno;1 a 3;DESERTORES;0;0;31;34;41;25;38;50;61;82;61;56;77;66;90;104;127;149;199;343;241;290;297;332;385;371;463;445;576;618;695;824;702;767;751;801;930;866;957;916;794;779;666;580;573;610;455;232;227;183;148;132;142;80
1 a 3;Ninguno;4 a 6;DESERTORES;0;0;6;3;13;7;16;11;12;21;22;21;24;25;37;34;52;49;93;121;79;121;128;162;178;176;209;210;226;291;263;291;310;379;373;343;375;369;405;407;354;344;322;315;313;275;200;79;84;72;44;44;53;31
1 a 3;Ninguno;M¿s de 7;DESERTORES;0;0;3;4;3;4;7;7;5;16;11;8;11;8;24;24;35;37;64;95;65;68;102;105;91;97;113;135;172;163;173;150;143;144;115;145;148;206;216;238;229;189;111;70;52;56;35;15;17;14;15;12;11;16
1 a 3;1 a 3;Sin Informaci¿n;DESERTORES;0;0;1;1;1;0;0;3;1;3;0;1;5;4;2;4;1;6;3;14;8;7;11;18;13;19;26;26;26;35;34;41;56;49;38;56;41;42;55;64;74;85;95;59;43;28;29;26;26;33;25;21;30;41
1 a 3;1 a 3;Ninguno;DESERTORES;0;0;85;351;71;96;180;180;180;563;229;284;311;350;420;495;807;770;1067;1550;1174;1137;1542;1654;1993;2417;3052;3352;4044;4921;5764;6353;6934;7900;8960;8969;9850;10715;13574;17908;16286;18119;20863;19288;20394;22725;21977;22063;25206;28689;31169;30600;33793;42273
1 a 3;1 a 3;1 a 3;DESERTORES;0;0;5;18;3;5;12;7;18;57;12;23;36;25;25;50;81;65;65;127;143;160;214;186;262;284;354;368;397;505;522;627;628;628;588;597;651;595;766;805;808;798;788;720;678;686;578;744;670;549;550;465;455;622
1 a 3;1 a 3;4 a 6;DESERTORES;0;0;2;2;1;5;3;5;7;25;4;4;12;10;13;11;15;26;40;69;61;41;74;62;113;126;144;166;170;191;204;226;269;335;284;302;249;231;302;435;417;415;402;406;402;335;244;245;215;205;161;149;176;221
1 a 3;1 a 3;M¿s de 7;DESERTORES;0;0;1;1;2;0;1;3;4;7;3;2;6;3;10;8;15;15;15;22;12;33;34;41;66;70;66;92;84;102;111;121;123;116;130;97;108;134;158;258;181;166;108;80;59;63;38;51;62;37;52;37;43;49
1 a 3;4 a 6;Sin Informaci¿n;DESERTORES;;;;0;0;0;0;0;1;1;1;0;1;1;2;0;0;1;2;2;2;3;2;13;6;8;9;11;13;22;19;19;11;12;28;28;26;20;29;19;27;25;24;13;15;14;16;4;13;8;12;7;9;4
1 a 3;4 a 6;Ninguno;DESERTORES;0;0;11;2;14;16;15;27;51;96;44;31;45;69;80;98;111;132;147;314;188;209;283;287;383;380;394;565;671;852;868;1056;1135;1474;1764;1961;2069;2327;2874;3612;3609;4147;3897;4555;4878;6504;5855;5309;5558;7113;7515;8172;8588;10666
1 a 3;4 a 6;1 a 3;DESERTORES;0;0;0;0;1;2;0;4;1;12;0;6;5;6;11;9;7;13;14;24;21;16;29;25;50;36;48;61;55;76;109;98;130;115;119;156;124;137;147;151;182;183;175;211;203;249;171;182;170;161;141;169;131;142
1 a 3;4 a 6;4 a 6;DESERTORES;0;0;1;1;1;1;0;2;2;2;3;2;2;2;5;26;7;7;10;20;14;18;31;37;65;38;43;64;88;126;121;120;152;148;164;186;158;126;116;157;127;129;118;137;131;123;79;70;61;68;63;45;44;59
1 a 3;4 a 6;M¿s de 7;DESERTORES;0;0;1;0;0;1;0;2;0;0;0;0;0;4;3;1;3;1;4;14;4;10;12;14;9;21;13;25;44;53;41;55;45;53;57;63;59;47;81;68;60;52;35;28;18;17;18;13;10;17;11;9;9;16
1 a 3;M¿s de 7;Sin Informaci¿n;DESERTORES;;0;0;;;0;1;0;0;0;0;0;0;1;0;0;2;0;2;4;1;0;1;2;1;5;5;4;3;4;5;5;7;3;12;14;18;5;18;23;16;24;22;9;13;12;7;4;3;5;3;3;1;5
1 a 3;M¿s de 7;Ninguno;DESERTORES;0;0;1;1;8;0;9;5;17;32;27;20;20;32;36;44;64;58;72;126;109;109;133;181;211;280;357;392;401;499;605;661;656;810;984;1081;1205;1277;1408;2354;2094;2017;1977;2345;2325;2590;2691;2053;1916;1995;2052;2133;2089;2100
1 a 3;M¿s de 7;1 a 3;DESERTORES;0;0;1;0;0;1;0;0;2;1;1;0;6;2;5;2;7;6;7;6;7;5;14;12;8;15;18;26;21;22;31;32;42;50;58;56;65;60;78;100;110;79;90;93;94;101;106;98;85;52;63;64;52;44
1 a 3;M¿s de 7;4 a 6;DESERTORES;0;0;0;0;1;0;0;1;0;4;1;1;2;1;2;1;2;3;3;3;3;0;9;7;9;12;14;17;11;14;16;21;21;41;39;32;26;38;61;52;51;58;62;62;62;85;53;38;31;33;23;24;13;14
1 a 3;M¿s de 7;M¿s de 7;DESERTORES;;;0;0;0;0;0;0;3;0;2;0;1;1;3;2;1;2;7;3;2;3;5;10;12;16;17;24;28;21;32;28;35;38;37;38;68;70;90;104;102;73;49;43;26;31;17;14;6;9;4;7;7;6
4 a 6;Sin Informaci¿n;Sin Informaci¿n;DESERTORES;;;;;;;;;;0;0;0;0;0;0;0;0;0;0;0;0;1;1;0;1;0;0;1;0;0;0;0;0;3;1;0;1;2;0;2;2;1;1;1;0;0;0;1;0;0;0;0;0;0
4 a 6;Sin Informaci¿n;Ninguno;DESERTORES;0;0;1;0;0;0;1;1;0;3;0;1;3;0;3;7;7;1;4;8;5;4;5;7;3;6;7;13;5;8;13;20;20;17;21;42;24;48;40;93;69;67;81;117;97;139;116;138;149;143;153;172;278;294
4 a 6;Sin Informaci¿n;1 a 3;DESERTORES;;0;0;0;0;1;0;0;0;0;0;0;0;2;1;0;1;1;1;0;0;1;0;0;1;0;0;1;0;1;1;0;7;5;6;3;2;6;2;6;8;4;6;6;3;4;10;8;3;5;4;2;5;4
4 a 6;Sin Informaci¿n;4 a 6;DESERTORES;;;0;0;0;0;0;0;0;0;0;0;0;0;0;0;0;0;0;0;0;1;0;1;0;1;0;1;1;2;0;0;3;2;2;2;4;3;4;7;6;4;7;11;8;12;7;3;3;3;3;2;1;1
4 a 6;Sin Informaci¿n;M¿s de 7;DESERTORES;;;;;;;;;;;0;0;0;0;0;0;0;0;0;1;0;0;1;1;1;1;2;1;1;1;2;2;2;1;3;1;3;3;8;6;6;7;0;0;3;3;2;0;0;3;0;0;1;0
4 a 6;Ninguno;Sin Informaci¿n;DESERTORES;0;0;0;0;0;0;0;1;1;1;0;0;1;0;3;0;0;1;0;3;1;0;1;1;0;3;5;2;1;2;5;8;4;5;1;5;6;5;5;8;6;8;11;7;5;4;2;1;0;1;0;1;1;1
4 a 6;Ninguno;Ninguno;DESERTORES;0;0;62;46;87;192;247;255;209;280;206;270;238;277;284;275;278;313;372;983;244;248;246;193;348;324;501;502;370;613;469;458;509;612;648;603;686;594;672;725;627;689;932;999;1060;1254;1221;544;503;613;474;556;600;640
4 a 6;Ninguno;1 a 3;DESERTORES;0;0;1;3;6;7;7;11;9;17;5;6;5;11;11;10;12;10;15;20;10;12;10;15;9;13;15;17;22;32;20;34;36;21;40;29;25;32;42;40;37;47;54;48;46;91;63;45;38;22;16;11;12;13
4 a 6;Ninguno;4 a 6;DESERTORES;0;0;1;0;2;2;0;2;1;3;2;0;3;4;3;5;5;3;6;11;4;6;4;6;10;11;20;9;7;25;18;21;18;31;29;28;20;14;26;28;15;28;37;36;38;64;26;15;14;1;5;8;5;2
4 a 6;Ninguno;M¿s de 7;DESERTORES;0;0;1;0;0;0;0;1;0;0;3;1;1;1;5;2;1;2;0;3;5;6;2;3;7;6;4;3;8;11;18;9;14;14;17;17;14;16;15;12;13;15;18;15;8;6;9;4;5;2;2;2;1;2
4 a 6;1 a 3;Sin Informaci¿n;DESERTORES;0;0;0;0;0;0;0;;0;0;0;1;0;0;1;0;1;0;0;1;0;0;1;3;3;0;2;3;2;2;3;7;5;6;4;7;5;1;8;6;9;9;18;13;8;4;9;3;6;1;2;5;4;1
4 a 6;1 a 3;Ninguno;DESERTORES;0;0;11;1;8;12;27;33;84;105;24;28;27;34;31;40;50;89;79;196;101;96;111;89;109;320;125;162;174;213;182;945;327;332;374;1216;456;446;501;642;631;854;946;969;1006;1306;1467;1489;1683;1687;1711;1659;1685;1684
4 a 6;1 a 3;1 a 3;DESERTORES;0;0;1;0;1;2;2;3;10;8;5;2;2;2;4;6;1;4;2;10;6;10;7;16;7;19;17;18;12;30;20;65;24;24;23;68;53;36;48;59;59;72;75;76;99;97;114;116;106;68;74;53;44;37
4 a 6;1 a 3;4 a 6;DESERTORES;;;;0;0;0;0;0;3;5;0;0;0;0;1;1;0;2;4;8;6;5;4;11;4;13;10;9;8;19;9;37;31;26;27;48;30;20;27;45;28;28;60;57;54;85;43;40;26;21;21;24;10;10
4 a 6;1 a 3;M¿s de 7;DESERTORES;0;;;;0;1;1;0;0;1;0;0;0;0;1;1;0;1;3;6;1;1;5;2;6;10;4;5;3;6;11;18;15;7;16;13;18;13;18;20;28;18;17;19;12;11;9;11;4;5;3;4;6;2
4 a 6;4 a 6;Sin Informaci¿n;DESERTORES;;;0;0;0;0;0;0;;0;0;1;0;0;0;0;0;1;0;0;1;3;0;0;1;4;4;5;4;7;5;7;2;0;9;3;5;2;9;5;2;4;4;3;3;1;2;3;2;3;2;2;0;0
4 a 6;4 a 6;Ninguno;DESERTORES;0;0;16;2;4;2;0;4;21;34;10;15;18;10;14;20;18;21;26;75;35;51;48;45;50;84;88;155;97;115;89;203;224;272;196;237;215;251;316;419;416;516;556;601;719;883;730;846;884;1163;1529;1731;1888;2799
4 a 6;4 a 6;1 a 3;DESERTORES;0;0;0;0;1;1;0;0;2;2;1;2;1;1;3;6;1;5;2;3;2;4;8;5;2;9;14;9;1;14;12;8;16;22;16;34;19;37;33;27;26;41;51;47;46;49;36;35;44;38;30;25;38;41
4 a 6;4 a 6;4 a 6;DESERTORES;;;;;0;0;0;0;2;3;1;0;0;1;1;1;1;1;4;1;3;2;6;9;11;13;15;14;9;25;14;12;16;12;33;21;29;21;24;46;29;30;26;29;25;28;12;6;12;22;16;12;10;17
4 a 6;4 a 6;M¿s de 7;DESERTORES;;;0;0;0;0;0;0;1;0;0;0;0;1;0;0;2;0;0;2;0;2;2;2;1;4;6;7;5;12;9;9;10;15;8;17;8;8;19;16;10;13;7;7;8;6;1;4;0;4;3;5;4;4
4 a 6;M¿s de 7;Sin Informaci¿n;DESERTORES;;;;;;;;;;;0;0;0;0;0;1;0;0;0;0;0;0;1;0;1;1;0;1;1;3;4;0;2;3;1;6;1;1;4;10;6;11;8;5;3;5;0;2;0;0;1;0;2;3
4 a 6;M¿s de 7;Ninguno;DESERTORES;0;0;0;0;1;1;0;1;3;5;4;1;6;4;2;4;7;6;15;20;21;15;20;20;36;38;38;49;56;46;60;65;67;86;95;109;135;128;170;376;237;185;175;243;222;215;218;236;233;291;384;364;419;348
4 a 6;M¿s de 7;1 a 3;DESERTORES;;;;0;0;0;0;0;0;1;1;0;1;0;0;0;1;0;1;0;0;2;0;4;3;2;6;1;3;5;2;5;4;8;11;14;12;14;13;21;9;20;11;19;15;19;34;19;27;14;25;17;11;11
4 a 6;M¿s de 7;4 a 6;DESERTORES;0;0;0;0;0;0;0;1;0;0;0;1;0;0;0;0;0;2;0;0;2;3;1;1;1;4;3;3;1;3;4;4;4;2;4;4;4;2;8;8;12;10;12;22;15;24;14;15;15;11;5;6;1;7
4 a 6;M¿s de 7;M¿s de 7;DESERTORES;;;;;;;;;0;0;1;0;1;0;1;1;0;0;1;1;0;1;7;4;5;6;4;2;3;1;6;11;7;7;10;14;11;12;14;44;29;15;11;9;11;5;4;5;0;3;4;2;0;2
M¿s de 7;Sin Informaci¿n;Sin Informaci¿n;DESERTORES;;;;;;;;;;;;;0;0;0;0;0;0;0;0;0;0;0;1;0;0;0;0;0;1;0;0;1;1;0;2;0;0;1;1;5;1;1;2;0;0;1;;;;;;;
M¿s de 7;Sin Informaci¿n;Ninguno;DESERTORES;0;0;1;0;0;0;1;0;0;0;2;1;3;3;4;1;5;1;2;0;2;3;2;1;9;3;10;5;5;22;5;8;9;8;4;10;8;7;12;17;12;16;11;22;17;22;22;22;21;16;31;27;24;35
M¿s de 7;Sin Informaci¿n;1 a 3;DESERTORES;0;0;0;0;0;0;0;0;0;0;1;0;0;0;0;0;1;0;0;1;0;1;0;0;0;1;1;1;0;2;2;1;2;3;2;0;0;1;0;3;1;1;0;1;2;0;2;4;0;0;1;0;1;0
M¿s de 7;Sin Informaci¿n;4 a 6;DESERTORES;;;0;0;0;0;0;0;0;0;0;0;0;1;0;0;0;1;0;0;1;0;0;0;1;2;1;0;0;0;2;2;0;2;2;0;0;2;0;1;1;1;0;2;0;1;1;0;2;0;1;1;0;1
M¿s de 7;Sin Informaci¿n;M¿s de 7;DESERTORES;;;0;0;0;0;0;0;0;0;0;0;0;0;0;0;0;0;0;0;1;1;1;1;2;1;8;3;4;10;2;3;2;3;1;3;3;1;3;2;2;7;0;2;0;0;0;1;0;0;;1;;1
M¿s de 7;Ninguno;Sin Informaci¿n;DESERTORES;0;0;0;0;0;0;0;0;0;0;0;0;0;1;1;0;0;0;1;0;0;1;1;0;0;0;0;1;0;5;0;0;2;0;3;2;2;2;3;1;2;4;2;0;0;0;0;1;0;;1;;;
M¿s de 7;Ninguno;Ninguno;DESERTORES;0;0;22;22;39;31;56;65;65;127;153;132;137;179;131;159;143;145;213;220;137;145;121;123;134;140;140;120;68;356;127;119;136;155;161;156;146;158;158;129;140;140;94;102;126;107;118;92;68;65;63;60;53;52
M¿s de 7;Ninguno;1 a 3;DESERTORES;0;0;1;2;5;2;4;6;2;9;7;15;11;10;4;9;8;8;13;14;12;17;5;2;4;10;5;5;4;15;7;4;6;4;4;3;8;4;4;5;7;2;6;1;4;7;5;2;3;4;2;2;0;0
M¿s de 7;Ninguno;4 a 6;DESERTORES;0;0;0;0;0;0;0;0;0;1;1;0;0;0;3;0;0;3;2;2;0;0;3;3;0;1;3;1;1;3;9;7;1;2;5;1;5;3;5;6;3;2;3;5;2;5;1;1;4;1;0;3;0;0
M¿s de 7;Ninguno;M¿s de 7;DESERTORES;0;0;0;0;0;0;0;0;1;1;0;1;1;1;0;0;0;0;0;2;0;0;0;2;1;1;2;0;0;0;1;1;6;2;2;4;2;5;4;5;4;2;6;2;0;0;1;0;2;0;0;0;;1
M¿s de 7;1 a 3;Sin Informaci¿n;DESERTORES;;;0;0;0;0;0;0;0;0;0;0;0;0;0;0;0;0;0;0;0;2;1;0;0;1;1;0;0;0;2;0;1;0;0;0;0;0;1;1;3;0;3;5;1;0;1;0;2;0;0;0;1;0
M¿s de 7;1 a 3;Ninguno;DESERTORES;0;0;0;4;1;6;14;8;15;15;20;24;23;22;17;24;20;29;26;46;52;58;38;40;29;38;34;44;21;86;22;22;42;39;28;33;29;36;50;58;68;70;61;73;76;80;100;125;128;164;136;139;108;109
M¿s de 7;1 a 3;1 a 3;DESERTORES;0;0;0;1;0;2;0;1;2;4;1;3;3;2;0;3;4;0;4;4;5;2;3;5;1;3;4;3;4;3;2;4;1;2;3;2;5;6;6;8;3;7;7;5;8;7;10;9;10;6;8;7;6;2
M¿s de 7;1 a 3;4 a 6;DESERTORES;0;0;0;0;0;0;1;0;1;0;2;0;0;1;0;0;3;2;0;0;1;1;1;4;4;0;1;1;0;4;0;1;2;1;0;2;2;0;0;1;7;7;0;3;4;5;6;2;4;3;2;1;0;3
M¿s de 7;1 a 3;M¿s de 7;DESERTORES;0;0;0;0;0;0;0;0;0;0;0;0;0;0;0;0;1;0;0;0;0;1;1;0;0;1;0;2;1;2;2;1;2;0;1;1;1;0;2;3;3;2;4;2;4;0;1;1;1;0;1;0;0;0
M¿s de 7;4 a 6;Sin Informaci¿n;DESERTORES;0;0;0;0;0;0;2;0;0;0;0;0;0;0;0;2;0;1;0;1;0;1;0;1;1;2;1;0;1;3;2;1;1;1;2;0;0;0;1;0;6;3;1;1;1;1;0;0;1;0;0;0;1;0
M¿s de 7;4 a 6;Ninguno;DESERTORES;0;0;1;1;1;2;3;2;5;3;2;6;6;9;9;14;10;8;15;16;15;19;12;18;33;28;40;24;22;62;20;24;17;14;37;22;17;29;35;39;37;50;64;63;78;95;70;64;65;96;110;144;145;183
M¿s de 7;4 a 6;1 a 3;DESERTORES;0;0;0;0;0;1;0;2;0;3;1;0;3;4;5;5;2;1;5;5;5;3;2;1;5;1;6;4;1;6;4;1;0;3;2;0;3;0;4;3;3;6;4;3;6;4;6;5;6;2;6;6;2;6
M¿s de 7;4 a 6;4 a 6;DESERTORES;0;0;0;0;1;0;1;0;0;3;0;0;1;0;2;1;1;2;1;0;2;1;3;4;5;4;6;6;2;2;3;1;1;2;2;0;5;3;1;5;7;3;4;3;10;7;5;5;4;7;2;3;1;3
M¿s de 7;4 a 6;M¿s de 7;DESERTORES;;0;0;0;0;0;0;0;0;0;0;0;0;0;0;0;0;0;1;1;3;5;4;6;11;9;6;2;0;19;7;2;1;2;3;4;2;3;0;3;1;1;0;1;1;0;0;0;0;0;0;0;0;
M¿s de 7;M¿s de 7;Sin Informaci¿n;DESERTORES;;;;;;;;;;;;;0;0;0;0;0;0;0;0;0;0;1;0;0;0;2;0;0;0;1;3;1;1;2;3;3;1;3;5;2;2;1;1;2;2;0;0;2;2;0;0;0;0
M¿s de 7;M¿s de 7;Ninguno;DESERTORES;0;0;0;0;0;0;1;0;0;0;1;1;8;7;7;9;11;5;4;5;11;4;4;5;9;15;15;14;9;26;22;18;28;27;25;26;32;20;24;36;35;37;45;43;44;48;45;49;61;83;121;127;93;91
M¿s de 7;M¿s de 7;1 a 3;DESERTORES;0;0;0;0;0;0;0;0;0;0;0;0;1;0;2;1;0;0;1;1;1;0;1;2;0;1;2;0;1;11;4;2;3;7;4;7;2;6;1;2;2;2;0;6;3;3;4;5;5;5;7;2;2;1
M¿s de 7;M¿s de 7;4 a 6;DESERTORES;;0;0;0;0;0;0;0;0;0;0;0;0;0;0;0;0;0;0;0;0;0;1;0;1;1;2;1;0;1;4;2;1;4;0;4;4;5;5;3;3;1;2;3;1;9;4;6;2;3;4;2;2;1
M¿s de 7;M¿s de 7;M¿s de 7;DESERTORES;;;;;;;;;;;0;0;0;0;0;1;0;0;0;1;0;0;0;1;6;3;5;3;6;19;10;11;13;12;18;16;12;18;12;23;12;15;10;4;5;6;2;3;0;1;0;1;0;1
Sin Informaci¿n;Sin Informaci¿n;Sin Informaci¿n;MATRICULADOS;;;;;;;;;;;;;;;;;1;1;2;4;6;6;5;7;7;6;7;10;10;12;11;12;11;9;7;4;2;2;2;2;2;2;1;1;1;;2;1;1;1;1;1;1;1
Sin Informaci¿n;Sin Informaci¿n;Ninguno;MATRICULADOS;6;8;15;16;17;20;20;20;19;15;13;13;9;9;9;4;15;16;39;49;55;60;67;61;70;55;72;80;89;98;162;194;245;283;376;434;625;714;1019;1054;1140;1217;1312;1381;1321;1648;1762;2324;2220;2121;2046;1962;1716;1376
Sin Informaci¿n;Sin Informaci¿n;1 a 3;MATRICULADOS;;;;;;;;;;;1;1;2;3;3;3;2;2;5;7;7;6;7;7;6;5;5;5;5;3;6;10;12;11;15;20;35;40;43;47;49;49;50;47;35;40;37;43;37;36;36;30;28;22
Sin Informaci¿n;Sin Informaci¿n;4 a 6;MATRICULADOS;;;;;;;;;;;;;1;1;1;1;1;1;2;3;8;8;9;7;10;8;10;12;11;12;17;16;21;23;26;29;25;25;25;24;23;21;19;16;10;11;13;13;13;13;12;10;8;5
Sin Informaci¿n;Sin Informaci¿n;M¿s de 7;MATRICULADOS;;;;;;;;;;;1;2;2;3;3;3;3;6;9;10;13;18;18;15;21;19;21;18;24;21;22;22;21;20;16;12;9;8;7;6;4;2;3;3;3;3;2;2;1;1;1;1;1;1
Sin Informaci¿n;Ninguno;Sin Informaci¿n;MATRICULADOS;;;;;;1;1;1;3;4;4;2;5;4;4;4;2;1;1;3;5;5;6;4;7;8;10;8;11;15;32;33;33;30;32;29;24;23;23;18;11;6;3;3;2;2;2;;1;1;1;1;1;1
Sin Informaci¿n;Ninguno;Ninguno;MATRICULADOS;636;740;832;929;1194;1338;1596;1365;1357;1430;1563;1503;1444;1310;1143;1002;856;724;654;652;637;656;692;718;818;843;943;1113;1171;1232;1468;1545;1606;1632;1726;2396;2440;2418;2552;2507;2534;2570;2605;2520;2350;1909;1984;1852;1680;1553;1399;1238;1038;828
Sin Informaci¿n;Ninguno;1 a 3;MATRICULADOS;23;27;32;33;40;47;49;44;40;36;39;34;28;29;26;19;21;20;19;23;23;25;24;27;31;36;44;50;47;53;64;67;71;77;90;100;116;126;118;112;98;87;81;68;55;41;39;25;16;15;12;12;13;8
Sin Informaci¿n;Ninguno;4 a 6;MATRICULADOS;2;3;6;5;7;8;10;10;10;10;11;11;10;11;10;8;7;7;8;8;9;10;13;17;19;22;29;30;37;39;48;56;64;71;89;90;81;77;73;67;62;54;46;29;16;14;10;6;4;5;3;2;2;3
Sin Informaci¿n;Ninguno;M¿s de 7;MATRICULADOS;;;;;;;4;7;9;9;9;9;9;5;2;2;3;3;5;9;14;16;20;18;23;27;35;47;60;66;85;84;78;76;76;73;67;57;41;31;20;9;8;6;4;4;2;3;1;1;1;;;
Sin Informaci¿n;1 a 3;Sin Informaci¿n;MATRICULADOS;;;;;;;;;;;;;;1;3;4;5;6;7;7;4;4;3;5;4;4;4;4;4;7;13;23;23;26;27;25;27;26;23;22;18;13;10;7;5;3;3;2;1;;;;;
Sin Informaci¿n;1 a 3;Ninguno;MATRICULADOS;38;81;119;143;155;168;196;179;147;131;190;205;227;241;260;258;261;231;220;208;214;220;254;277;331;381;462;515;595;655;786;858;978;1023;1246;1557;1949;2260;2815;3012;3458;3728;4120;4307;4549;4324;4470;4193;3778;3356;2859;2426;1987;1568
Sin Informaci¿n;1 a 3;1 a 3;MATRICULADOS;2;3;3;3;11;10;10;10;10;9;13;7;10;11;12;15;14;17;17;18;16;20;24;25;26;25;32;29;34;41;46;54;67;89;153;181;240;249;252;254;244;240;210;203;172;150;116;99;75;59;48;37;32;21
Sin Informaci¿n;1 a 3;4 a 6;MATRICULADOS;1;2;2;2;4;4;5;4;3;2;6;3;7;8;9;9;10;8;9;8;8;9;9;10;11;17;15;18;22;23;32;36;48;84;118;121;117;112;109;104;99;85;67;57;44;30;29;24;16;13;15;7;7;5
Sin Informaci¿n;1 a 3;M¿s de 7;MATRICULADOS;;;1;1;1;1;1;1;2;1;1;1;4;5;4;7;8;9;10;12;13;13;15;16;19;21;22;29;35;36;40;40;37;40;33;33;30;26;20;14;7;8;6;3;5;4;4;5;5;4;4;2;1;1
Sin Informaci¿n;4 a 6;Sin Informaci¿n;MATRICULADOS;;;;;;;;;;;;;1;2;2;2;3;9;10;10;10;11;13;11;9;6;5;6;1;3;10;20;21;22;22;21;20;19;12;13;9;7;4;3;3;2;2;1;;;;;;
Sin Informaci¿n;4 a 6;Ninguno;MATRICULADOS;;4;5;8;10;14;19;20;26;23;23;26;37;39;62;66;82;90;122;122;128;136;154;157;170;163;164;203;216;245;330;380;479;563;802;1079;1370;1527;1869;2039;2315;2556;2826;2969;3181;3149;3498;3731;3454;3153;2832;2424;1908;1585
Sin Informaci¿n;4 a 6;1 a 3;MATRICULADOS;;;;;1;1;1;2;2;3;7;7;8;5;9;7;11;9;10;11;8;8;9;10;10;9;8;11;15;18;28;28;43;58;71;116;140;152;146;145;149;147;136;121;101;96;80;71;56;47;41;32;22;13
Sin Informaci¿n;4 a 6;4 a 6;MATRICULADOS;;;;;;1;;;2;2;3;2;5;5;6;7;14;15;14;15;14;15;16;15;11;13;16;20;23;21;28;29;37;68;89;97;98;99;92;88;77;71;58;47;32;28;28;25;21;13;13;12;9;4
Sin Informaci¿n;4 a 6;M¿s de 7;MATRICULADOS;;;;;;;;;;;;;2;2;2;4;7;9;13;16;17;19;20;22;23;21;24;35;35;40;48;48;51;51;49;47;42;39;30;22;16;5;6;4;2;3;3;2;2;3;4;1;1;
Sin Informaci¿n;M¿s de 7;Sin Informaci¿n;MATRICULADOS;;;;;;;1;1;;;;;;;;1;1;1;1;2;2;2;2;3;3;4;7;8;6;11;17;21;22;22;22;20;18;15;15;10;8;6;6;4;2;;3;1;;;;;;
Sin Informaci¿n;M¿s de 7;Ninguno;MATRICULADOS;2;3;5;9;10;14;21;23;23;23;33;34;40;36;45;44;53;60;89;90;115;136;167;203;257;230;323;358;450;487;556;606;705;757;861;918;1103;1189;1427;1597;2041;2233;2546;2823;3292;3347;3549;3414;3156;2850;2511;2210;1694;1333
Sin Informaci¿n;M¿s de 7;1 a 3;MATRICULADOS;;;;2;2;2;2;2;2;2;2;2;2;1;3;3;3;3;4;6;8;8;10;10;14;13;22;20;27;28;33;30;31;36;52;73;97;112;109;108;111;107;103;105;96;89;74;65;49;38;30;23;15;14
Sin Informaci¿n;M¿s de 7;4 a 6;MATRICULADOS;;;;;;1;1;1;1;;;;1;1;1;1;1;1;2;2;5;5;6;6;7;8;13;13;17;19;26;32;45;59;75;75;72;69;64;64;58;53;42;31;25;24;20;18;16;17;14;11;12;10
Sin Informaci¿n;M¿s de 7;M¿s de 7;MATRICULADOS;;;;;;;1;1;;1;1;1;3;8;8;11;16;17;20;28;31;33;34;36;42;44;58;63;87;95;103;99;97;91;86;83;73;61;39;27;16;11;10;4;3;3;1;1;1;2;;1;;
Ninguno;Sin Informaci¿n;Sin Informaci¿n;MATRICULADOS;1;3;6;6;7;8;9;10;17;22;39;50;72;92;105;113;130;146;163;176;198;222;233;239;268;291;293;300;314;320;326;351;319;273;244;214;187;147;122;94;71;35;29;23;18;15;19;18;18;17;18;14;12;7
Ninguno;Sin Informaci¿n;Ninguno;MATRICULADOS;314;500;918;1162;1604;2152;2887;3196;4257;4824;6307;7089;7327;8293;8611;9037;9673;9718;9655;10663;10991;10151;10143;10430;10751;11119;11639;12070;12976;12234;12969;14547;15301;15204;15584;15059;15904;16230;18455;18618;19211;18980;20225;20817;22832;21772;25914;28014;27323;25010;23032;20185;17747;14846
Ninguno;Sin Informaci¿n;1 a 3;MATRICULADOS;71;126;216;249;346;415;497;568;677;747;847;864;833;864;856;829;824;754;690;647;653;592;568;550;577;565;620;635;682;733;745;765;793;776;785;782;848;841;790;727;679;621;608;581;516;474;442;395;369;320;272;219;179;137
Ninguno;Sin Informaci¿n;4 a 6;MATRICULADOS;1;7;22;33;59;84;125;148;183;202;263;311;350;390;397;412;435;435;455;432;462;429;421;447;535;603;701;753;785;806;841;793;758;690;697;644;584;535;485;430;384;338;291;250;189;160;149;141;129;105;80;64;52;37
Ninguno;Sin Informaci¿n;M¿s de 7;MATRICULADOS;2;3;7;11;19;25;29;31;39;48;80;100;158;196;254;314;370;443;523;582;633;683;753;746;767;773;794;826;860;809;806;753;666;612;546;467;392;296;205;136;72;53;46;33;25;30;28;28;25;19;17;15;10;8
Ninguno;Ninguno;Sin Informaci¿n;MATRICULADOS;132;161;261;316;420;486;610;661;804;931;1156;1256;1553;1727;1986;2110;2380;2529;3404;3705;4153;4366;4853;5124;5725;5772;6242;6146;6657;6825;7385;7619;6943;6337;5593;4915;4234;3666;3044;2588;1962;1493;1039;887;632;661;654;662;549;595;489;521;350;428
Ninguno;Ninguno;Ninguno;MATRICULADOS;149021;154983;205917;219429;265120;281276;323087;323066;363697;372808;396774;392961;398664;391538;397523;383075;401247;392617;496967;513283;566647;570898;608749;620745;672941;659161;750565;761164;840356;879981;936307;984686;978289;964523;982221;953029;893453;887361;841007;868673;801166;857315;769306;812765;734577;769261;790850;857602;792807;866268;784469;869627;642578;798384
Ninguno;Ninguno;1 a 3;MATRICULADOS;5640;6971;10901;12340;16302;17830;21760;22500;26485;27700;28487;27565;28053;26845;26959;25793;25918;24970;32382;32592;35713;35784;40413;39434;45236;45057;47263;46490;50084;51395;52878;51855;49361;47942;47423;44063;40624;36604;31433;29167;25576;24165;20107;18948;14911;14002;12779;12758;10555;10808;8566;9293;6283;7773
Ninguno;Ninguno;4 a 6;MATRICULADOS;996;1369;2173;2668;3562;4094;5099;5588;6624;7099;8068;8529;9461;9748;10697;10809;11833;11816;15382;16186;18611;19398;21481;21845;23837;24012;26413;26526;28490;29423;30090;30520;29271;28880;28074;25409;22257;19620;16624;14887;12643;11354;8892;7406;5354;4982;4706;4762;3858;4072;3250;3630;2497;3132
Ninguno;Ninguno;M¿s de 7;MATRICULADOS;407;644;1012;1246;1693;1898;2295;2419;2874;3102;3511;3787;4855;5341;6155;6624;7872;8687;12796;14395;17291;18869;21199;21913;23755;24248;25842;26316;27503;27003;25871;23998;21390;19160;16664;14373;11763;9225;6311;4563;2852;2305;1618;1539;1191;1367;1341;1431;1124;1264;994;1173;767;982
Ninguno;1 a 3;Sin Informaci¿n;MATRICULADOS;12;19;36;45;62;85;114;133;176;225;353;437;580;632;785;877;1053;1190;1346;1471;1533;1566;1680;1713;1810;1841;1941;1944;2031;2308;2740;2996;2890;2674;2532;2400;2173;2013;1719;1376;974;650;448;357;273;252;243;215;202;172;174;142;113;144
Ninguno;1 a 3;Ninguno;MATRICULADOS;8329;11375;18161;21115;28902;35451;45350;48605;58198;63636;74851;79960;86053;88901;94165;93268;99295;99486;102224;106449;110346;111658;119510;125021;132138;135818;152952;149443;155445;158458;170051;177597;195283;201297;225028;238070;275013;287920;305355;294652;286825;279734;285798;279533;289127;263588;289924;275034;292456;277638;284166;286286;235294;276756
Ninguno;1 a 3;1 a 3;MATRICULADOS;574;875;1474;1670;2314;2839;3729;4111;5146;5699;6343;6497;7124;7192;7572;7516;8147;8240;8740;8671;8708;8617;9518;9604;10259;10275;11375;11381;11513;11606;12064;12221;12557;13173;14782;15659;17357;17126;15874;14337;12333;10868;9561;8362;7375;6356;5864;4799;4210;3646;3180;2806;2218;2528
Ninguno;1 a 3;4 a 6;MATRICULADOS;118;180;336;410;612;819;1058;1255;1560;1830;2281;2616;3156;3392;3854;4100;4525;4656;5094;5302;5683;5853;6416;6681;7036;7298;8189;8322;8538;8877;9603;10068;10661;11483;12522;11904;11396;10952;9744;8565;6939;5968;4629;3543;2657;2297;2014;1701;1494;1332;1205;1080;822;893
Ninguno;1 a 3;M¿s de 7;MATRICULADOS;42;64;132;174;258;355;470;515;609;674;934;1143;1748;2002;2481;2831;3459;4086;4962;5627;6085;6398;6992;7265;7690;7994;8592;8847;9121;9407;9630;9141;8416;7658;7010;6366;5581;4677;3410;2403;1470;970;658;559;469;465;426;371;351;323;312;276;227;274
Ninguno;4 a 6;Sin Informaci¿n;MATRICULADOS;2;7;11;12;18;20;33;49;69;95;152;191;267;302;353;432;490;546;618;634;667;699;756;792;894;923;1036;1085;1145;1197;1267;1278;1145;1007;886;773;655;546;483;406;297;234;175;140;108;107;93;85;78;75;70;62;58;44
Ninguno;4 a 6;Ninguno;MATRICULADOS;1792;2653;4980;5991;8501;10744;14957;16502;21720;24497;29640;33051;34628;37874;40125;41391;43498;44272;42686;41561;41990;42738;45609;47323;49964;52077;56462;57856;61170;63053;66571;70166;77056;82245;89896;91557;96133;96463;100725;102718;106513;108116;115348;115994;118027;114995;129641;120310;146549;153982;160703;143809;128045;111695
Ninguno;4 a 6;1 a 3;MATRICULADOS;234;376;686;817;1108;1355;1847;2053;2714;3018;3289;3426;3471;3571;3665;3603;3508;3431;3180;2989;2877;2847;2978;2951;3072;3073;3266;3348;3597;3803;3968;4046;4242;4621;4992;5162;5326;5161;4844;4570;4318;4022;3759;3312;2711;2378;2217;1871;1796;1629;1500;1242;1032;832
Ninguno;4 a 6;4 a 6;MATRICULADOS;32;61;127;176;252;329;496;625;854;1001;1228;1409;1663;1735;1957;2227;2469;2540;2615;2644;2807;2867;3180;3325;3646;3808;4075;4172;4347;4356;4685;4831;4827;5003;4819;4361;3980;3414;3047;2744;2372;2086;1730;1405;1043;915;829;686;637;595;537;422;343;281
Ninguno;4 a 6;M¿s de 7;MATRICULADOS;13;22;48;65;104;128;190;226;281;323;394;509;751;937;1205;1383;1677;1926;2293;2469;2749;2914;3281;3432;3723;3916;4186;4321;4396;4339;4216;3930;3608;3197;2784;2340;1929;1457;1044;739;440;335;256;215;191;199;191;150;148;138;115;104;90;80
Ninguno;M¿s de 7;Sin Informaci¿n;MATRICULADOS;1;1;2;2;4;6;13;26;38;47;80;106;140;174;200;217;247;277;302;325;350;357;398;416;449;430;442;462;481;514;568;659;617;563;516;465;418;360;325;278;227;144;92;70;61;45;43;38;30;28;26;25;24;18
Ninguno;M¿s de 7;Ninguno;MATRICULADOS;730;1105;1909;2487;3817;4680;6126;6876;9215;10876;13958;16450;17812;21902;23782;26135;29568;31600;33711;34684;39567;41519;42897;43482;44528;42627;45893;46074;49113;49000;48077;47101;45997;43555;42095;38512;38171;36409;41846;41669;42570;43429;46182;48250;51477;50513;56210;52476;47755;43920;40143;35198;30061;23970
Ninguno;M¿s de 7;1 a 3;MATRICULADOS;129;223;382;477;746;892;1126;1281;1632;1829;2035;2109;2188;2272;2240;2243;2271;2278;2229;2123;2152;2176;2129;2060;2002;1920;2085;2084;2238;2257;2208;2165;2134;2052;2052;1945;1956;1802;1690;1559;1476;1373;1286;1196;1118;965;947;805;710;621;558;456;368;287
Ninguno;M¿s de 7;4 a 6;MATRICULADOS;15;25;53;75;136;172;234;314;410;483;590;660;733;800;851;890;947;965;1011;1022;1077;1123;1087;1091;1133;1151;1282;1297;1347;1367;1393;1438;1452;1508;1532;1394;1276;1147;1020;895;814;733;641;523;395;322;323;263;235;202;178;144;115;87
Ninguno;M¿s de 7;M¿s de 7;MATRICULADOS;4;11;22;27;47;55;69;94;116;131;196;309;575;730;933;1085;1368;1591;2047;2342;2706;2985;3344;3525;3646;3808;4028;4167;4281;4125;4094;3725;3318;2925;2604;2207;1867;1450;1001;678;393;240;164;103;89;80;83;76;69;56;52;44;38;28
1 a 3;Sin Informaci¿n;Sin Informaci¿n;MATRICULADOS;;;1;1;;1;2;2;2;3;5;6;12;13;17;19;24;29;38;43;55;60;66;79;103;116;137;147;181;205;240;267;252;239;221;197;165;143;124;100;80;50;45;33;21;22;22;24;22;17;14;13;10;5
1 a 3;Sin Informaci¿n;Ninguno;MATRICULADOS;6;12;18;31;35;61;96;123;183;224;362;443;570;683;824;974;1247;1407;1612;1763;2149;2340;2627;2883;3275;3557;4282;5233;6639;7719;9646;11432;13768;15232;17490;18674;21460;22422;23575;24388;25835;25926;28003;28044;29891;29243;33336;35666;34512;31797;28950;25655;22591;19117
1 a 3;Sin Informaci¿n;1 a 3;MATRICULADOS;1;1;2;2;3;5;7;7;16;23;34;37;42;51;52;63;80;87;101;119;149;164;192;205;230;241;298;333;424;464;544;573;645;720;839;910;1018;1048;1014;1011;950;892;847;773;708;618;527;450;391;343;298;235;205;160
1 a 3;Sin Informaci¿n;4 a 6;MATRICULADOS;1;;2;1;3;4;5;6;9;11;17;23;31;35;33;39;62;74;87;99;101;123;144;166;190;230;279;333;387;432;502;555;615;725;829;800;756;711;667;635;559;476;417;328;218;200;164;137;128;102;89;82;71;52
1 a 3;Sin Informaci¿n;M¿s de 7;MATRICULADOS;;;;;;;2;3;1;5;8;14;32;40;61;87;108;131;159;182;251;304;348;385;397;431;480;524;600;645;670;634;590;549;521;446;388;326;236;173;100;72;52;36;28;29;31;27;23;21;20;19;16;14
1 a 3;Ninguno;Sin Informaci¿n;MATRICULADOS;8;7;10;11;12;10;11;15;21;30;36;44;65;87;129;152;191;214;265;294;333;354;404;452;525;598;681;734;892;1028;1263;1552;1490;1444;1379;1282;1152;1064;911;745;536;325;195;149;92;56;44;33;29;25;23;20;20;10
1 a 3;Ninguno;Ninguno;MATRICULADOS;5485;4802;5073;4683;5491;6138;6740;6972;8113;8454;10071;10788;13066;13936;17591;19251;23349;25668;27815;30834;37835;39973;46869;49518;58637;61461;68478;72283;79721;81957;89750;96259;107471;111556;123702;124375;136654;132579;135589;128823;125849;116692;109453;96772;83065;63793;73376;71285;78873;81054;91878;98295;86164;99751
1 a 3;Ninguno;1 a 3;MATRICULADOS;145;139;206;206;301;358;448;469;550;588;696;730;881;982;1159;1279;1510;1629;1804;1898;2251;2413;2877;2991;3697;3913;4451;4680;5391;5600;5827;6231;6563;7076;8306;8452;9424;9082;8338;7566;6692;5797;4926;4031;2911;1876;1560;1229;1015;837;748;643;512;506
1 a 3;Ninguno;4 a 6;MATRICULADOS;27;30;49;54;78;85;103;133;154;184;228;249;350;401;515;577;733;794;991;1116;1392;1539;1795;1911;2282;2479;2815;3086;3447;3657;4173;4573;5055;5671;6305;5902;5496;5046;4508;4037;3497;2930;2283;1586;953;493;394;303;241;208;228;179;146;154
1 a 3;Ninguno;M¿s de 7;MATRICULADOS;10;15;24;29;45;46;57;68;73;74;111;138;272;359;470;555;712;798;990;1138;1412;1547;1892;2008;2333;2569;3077;3375;3932;4205;4402;4307;4116;3938;3668;3346;2837;2368;1717;1150;659;418;278;204;115;70;77;71;66;59;58;50;38;49
1 a 3;1 a 3;Sin Informaci¿n;MATRICULADOS;2;2;1;2;5;11;11;12;10;18;36;45;59;73;101;125;142;172;205;217;262;285;334;369;418;437;502;564;677;842;1153;1418;1377;1335;1292;1235;1186;1142;1028;860;654;415;301;209;174;164;153;135;110;110;121;145;91;124
1 a 3;1 a 3;Ninguno;MATRICULADOS;718;885;811;1073;1675;2141;2657;3221;3763;4352;5752;6325;7279;8051;9818;10401;12418;13503;15018;16830;20069;21794;24974;27500;32330;34377;40508;43839;52832;56616;66260;72731;85930;92753;109842;121463;148744;165395;177065;184395;198034;194239;208277;208649;208358;189753;204335;199184;204833;199924;225469;271547;211847;253630
1 a 3;1 a 3;1 a 3;MATRICULADOS;48;68;81;102;159;195;256;299;378;447;564;586;672;735;821;850;996;1103;1330;1413;1709;1797;2169;2253;2600;2822;3293;3649;4242;4607;5097;5258;5855;6539;8062;9099;11086;11475;10897;10350;9795;8882;8040;7174;6013;5306;4311;3323;2786;2404;2301;3070;2298;2580
1 a 3;1 a 3;4 a 6;MATRICULADOS;6;10;20;31;41;54;73;93;112;138;203;214;286;352;439;472;585;647;787;849;1116;1182;1436;1517;1711;1856;2156;2384;2775;3033;3511;3920;4540;5634;6649;6476;6505;6439;6052;5626;5037;4317;3414;2581;1879;1565;1287;1036;848;759;799;884;618;769
1 a 3;1 a 3;M¿s de 7;MATRICULADOS;6;8;12;13;16;21;27;34;38;50;76;93;177;219;329;384;487;585;802;948;1153;1286;1590;1699;1919;2115;2481;2866;3447;3751;4054;3881;3714;3505;3359;3141;2875;2521;1809;1261;800;550;405;345;281;277;248;198;200;175;181;205;153;198
1 a 3;4 a 6;Sin Informaci¿n;MATRICULADOS;;;;1;3;5;6;6;6;9;13;18;19;29;37;56;76;97;124;150;177;200;230;257;285;323;366;426;477;497;588;662;668;631;567;507;455;382;336;289;219;159;133;116;103;90;87;77;76;74;72;50;49;38
1 a 3;4 a 6;Ninguno;MATRICULADOS;85;138;274;342;375;502;664;719;946;1058;1638;1974;2438;2837;3519;4078;5402;6380;7546;8257;9575;10256;11037;11584;12917;13883;16667;18667;21902;24284;28624;32489;39280;44094;52467;57586;68616;75136;82806;88055;95569;99218;110800;114295;122941;121287;137309;137071;165488;171256;180491;161356;139009;119766
1 a 3;4 a 6;1 a 3;MATRICULADOS;5;7;13;19;29;42;51;72;120;141;188;207;243;286;320;369;446;495;594;619;741;787;890;907;1066;1133;1293;1425;1640;1735;1900;1982;2271;2520;3036;3401;3966;4170;4087;3985;3841;3680;3453;3147;2782;2525;2405;2051;1989;1800;1690;1423;1158;922
1 a 3;4 a 6;4 a 6;MATRICULADOS;3;5;5;6;11;14;20;25;43;49;70;96;158;203;219;268;383;463;583;601;773;789;1020;1060;1236;1370;1645;1749;1860;1929;2134;2262;2472;2760;2985;2809;2675;2555;2369;2174;1944;1743;1428;1141;902;792;765;670;673;590;587;487;387;310
1 a 3;4 a 6;M¿s de 7;MATRICULADOS;2;1;2;3;2;4;4;5;11;14;24;38;80;111;178;235;322;402;541;642;797;908;1091;1178;1346;1428;1671;1787;1933;2043;2088;1974;1871;1686;1529;1373;1175;936;671;484;311;236;186;158;144;132;131;118;111;109;112;103;86;63
1 a 3;M¿s de 7;Sin Informaci¿n;MATRICULADOS;;1;1;;;1;2;3;6;9;14;19;22;26;36;42;51;58;69;71;91;107;124;146;174;196;220;273;334;406;545;665;666;647;621;593;572;526;457;396;301;207;141;110;77;65;58;41;48;35;31;29;14;8
1 a 3;M¿s de 7;Ninguno;MATRICULADOS;51;96;157;164;227;284;415;489;645;686;1036;1401;1699;2475;3092;3868;5133;6081;7177;7817;9684;10916;12424;13753;15526;15495;19301;22689;29136;33356;40446;46265;53610;58123;65970;71293;80855;86144;85940;89698;95493;95709;99315;100476;101127;95608;95921;87605;82240;73368;63037;54140;44893;34729
1 a 3;M¿s de 7;1 a 3;MATRICULADOS;3;4;5;7;9;15;19;31;56;70;90;100;120;167;197;237;299;325;382;416;527;581;677;746;843;878;1049;1216;1517;1709;1914;2054;2224;2378;2718;2949;3323;3420;3246;3100;3013;2842;2649;2443;2182;1922;1647;1320;1161;962;772;632;513;382
1 a 3;M¿s de 7;4 a 6;MATRICULADOS;1;1;4;3;4;6;7;13;17;26;36;44;65;77;108;126;164;192;224;242;302;339;420;453;528;565;668;809;974;1075;1250;1450;1686;1968;2339;2291;2240;2159;2013;1930;1801;1610;1374;1128;831;630;513;405;339;281;205;185;135;102
1 a 3;M¿s de 7;M¿s de 7;MATRICULADOS;;;1;1;2;4;9;12;20;19;26;35;79;101;158;206;348;410;588;709;879;999;1280;1402;1650;1832;2250;2630;3085;3318;3468;3340;3121;2967;2769;2470;2124;1684;1150;764;467;330;226;182;142;112;90;88;73;62;51;47;34;33
4 a 6;Sin Informaci¿n;Sin Informaci¿n;MATRICULADOS;;;;;;;;;;1;1;1;6;7;12;12;14;15;17;16;18;17;17;18;21;23;25;28;34;40;41;50;45;43;41;38;33;26;23;18;14;9;3;5;6;6;4;2;5;5;3;2;1;2
4 a 6;Sin Informaci¿n;Ninguno;MATRICULADOS;5;8;10;11;15;23;25;30;35;40;51;64;81;89;114;128;171;184;193;196;222;246;277;325;398;443;522;585;693;794;1059;1238;1582;1742;2125;2314;3144;3498;4031;4366;5010;5386;6082;6492;7158;7115;8347;8783;8270;7654;7055;6124;5190;4246
4 a 6;Sin Informaci¿n;1 a 3;MATRICULADOS;;1;2;3;3;3;7;7;8;10;11;11;10;8;11;12;13;14;13;19;17;23;32;35;44;48;51;54;59;62;78;80;92;99;149;183;247;264;269;259;258;254;247;247;221;183;147;124;110;89;75;59;49;40
4 a 6;Sin Informaci¿n;4 a 6;MATRICULADOS;;;1;1;1;1;1;1;2;2;2;2;4;5;5;6;6;6;6;9;8;10;12;25;29;32;39;41;54;62;83;99;132;193;256;246;238;230;227;216;200;187;150;111;69;41;36;39;30;29;22;19;18;15
4 a 6;Sin Informaci¿n;M¿s de 7;MATRICULADOS;;;;;;;;;;;1;2;9;17;20;20;24;29;38;44;60;67;71;73;82;85;101;115;132;138;148;135;128;119;114;106;96;74;51;39;22;22;18;13;7;4;6;8;5;6;6;6;5;5
4 a 6;Ninguno;Sin Informaci¿n;MATRICULADOS;3;3;5;5;5;6;7;7;7;10;9;11;10;13;16;22;21;23;29;28;38;45;49;53;59;63;79;90;100;114;145;185;177;179;166;158;148;142;124;115;97;53;40;24;13;10;6;9;6;7;7;6;5;5
4 a 6;Ninguno;Ninguno;MATRICULADOS;2295;2445;2841;3007;3065;2735;2692;2818;2984;3234;3494;3630;3904;4071;4365;4233;4224;4151;3732;4202;5038;5849;6578;6761;7378;7631;8097;8553;9234;9809;10953;11986;13588;14392;16309;16901;18579;19816;20852;21047;21441;20688;20446;19746;19247;17281;19689;20721;22845;24388;25328;23561;21777;19233
4 a 6;Ninguno;1 a 3;MATRICULADOS;58;66;81;84;90;87;93;94;100;106;130;140;165;173;191;185;196;180;182;195;226;272;309;308;356;388;426;452;512;560;598;647;740;807;1012;1121;1291;1283;1263;1198;1126;1021;933;800;620;407;305;215;179;154;137;116;95;81
4 a 6;Ninguno;4 a 6;MATRICULADOS;2;1;6;8;13;13;22;29;38;40;55;64;91;94;109;117;132;129;132;149;176;195;239;241;303;305;382;423;444;464;509;576;659;797;926;885;834;780;735;686;618;517;415;307;169;100;80;57;55;49;44;30;31;26
4 a 6;Ninguno;M¿s de 7;MATRICULADOS;4;3;5;4;7;5;8;8;12;12;14;18;42;60;75;95;104;108;116;135;150;175;201;188;219;248;331;394;473;507;561;548;540;520;491;432;383;334;250;179;125;80;58;39;32;27;24;17;14;13;13;10;8;8
4 a 6;1 a 3;Sin Informaci¿n;MATRICULADOS;1;1;1;1;1;1;1;;1;1;2;2;8;9;15;15;17;23;24;29;35;39;46;46;56;62;69;82;85;100;137;223;209;221;214;208;207;205;192;177;149;94;63;48;43;36;32;22;22;18;15;8;9;8
4 a 6;1 a 3;Ninguno;MATRICULADOS;79;116;194;240;274;324;419;397;378;365;646;735;962;1174;1452;1556;1762;1868;1950;2149;2517;2940;3660;4436;4685;4763;5660;5969;5989;7244;7473;8325;9819;11755;13161;14950;19416;22124;26623;28780;32216;34485;38469;39802;41847;38640;41571;39789;39221;37479;36126;31614;27225;23351
4 a 6;1 a 3;1 a 3;MATRICULADOS;3;7;12;14;20;24;35;34;39;42;66;73;96;111;120;125;141;149;172;179;197;223;251;283;314;311;356;383;412;508;544;626;764;973;1235;1543;2108;2330;2340;2283;2230;2142;2038;1882;1655;1368;1052;776;617;480;411;311;243;199
4 a 6;1 a 3;4 a 6;MATRICULADOS;;;;2;3;4;14;10;8;5;18;19;34;39;53;61;74;70;92;96;114;129;154;178;208;217;267;306;343;396;431;500;613;832;1100;1101;1126;1128;1090;1042;989;914;795;631;485;356;280;205;169;141;107;89;80;63
4 a 6;1 a 3;M¿s de 7;MATRICULADOS;1;;;;3;1;2;2;2;3;8;9;21;28;38;42;57;66;86;101;132;151;188;207;253;277;322;361;438;487;533;507;501;480;438;413;385;355;288;216;144;113;83;69;60;49;41;34;33;33;28;16;16;15
4 a 6;4 a 6;Sin Informaci¿n;MATRICULADOS;;;1;1;1;1;1;1;;1;3;8;9;12;13;13;16;19;33;37;40;42;49;57;61;57;64;61;58;69;79;112;118;107;102;100;97;87;78;59;53;42;33;30;24;26;20;17;20;23;20;15;19;15
4 a 6;4 a 6;Ninguno;MATRICULADOS;46;45;95;113;154;200;233;243;253;236;320;343;438;529;754;876;1038;1106;1156;1218;1431;1606;1905;2065;2278;2456;2765;2963;3259;3512;4113;4539;5480;6129;8093;9340;12087;13708;16889;19046;23090;25906;31751;34657;35161;42893;45967;53810;62421;66078;69167;63521;56345;49176
4 a 6;4 a 6;1 a 3;MATRICULADOS;6;9;13;14;16;18;30;30;35;39;47;46;58;60;71;88;95;99;98;104;114;114;131;141;170;166;203;236;261;271;345;362;424;494;671;851;1043;1094;1125;1115;1120;1085;1076;1009;848;865;807;767;741;696;659;573;468;392
4 a 6;4 a 6;4 a 6;MATRICULADOS;;;;;2;4;6;7;8;7;14;16;23;33;43;48;56;59;87;106;124;129;143;153;168;168;192;240;267;271;327;366;461;561;714;683;671;667;606;566;513;471;402;346;265;262;263;263;230;212;204;173;140;109
4 a 6;4 a 6;M¿s de 7;MATRICULADOS;;;1;1;2;3;4;3;4;3;5;5;15;26;33;34;48;60;83;95;116;129;151;175;188;195;218;246;277;290;327;313;297;281;251;231;218;178;127;109;77;60;36;36;34;38;43;46;46;42;41;30;25;26
4 a 6;M¿s de 7;Sin Informaci¿n;MATRICULADOS;;;;;;;;;;;1;1;1;2;3;6;9;9;13;11;19;19;34;37;44;51;57;67;80;87;117;139;137;129;124;116;112;106;93;79;60;36;24;20;10;10;9;8;8;9;10;6;4;4
4 a 6;M¿s de 7;Ninguno;MATRICULADOS;40;55;86;100;134;140;158;168;167;168;195;254;283;351;473;579;808;967;1179;1297;1604;1869;2269;2551;2991;2497;3522;3791;4594;4847;5494;5819;6463;6730;7494;7586;9000;9550;10887;11718;13856;15510;17565;18656;20545;20042;22092;21007;19560;17775;15783;13785;11656;9331
4 a 6;M¿s de 7;1 a 3;MATRICULADOS;;;;1;4;5;5;9;14;16;17;19;23;32;38;45;62;62;72;77;94;110;136;149;175;150;201;219;255;290;316;327;383;402;479;554;707;757;748;741;719;715;698;665;642;549;499;393;312;249;199;161;134;102
4 a 6;M¿s de 7;4 a 6;MATRICULADOS;1;1;1;1;1;2;1;1;2;3;4;5;9;12;16;17;17;18;27;27;41;53;67;78;92;90;106;128;163;186;229;269;340;427;520;508;505;492;464;432;426;390;320;279;210;145;139;103;84;69;55;46;34;21
4 a 6;M¿s de 7;M¿s de 7;MATRICULADOS;;;;;;;;;3;3;7;13;36;61;82;88;113;121;153;177;214;235;289;304;362;399;502;565;671;686;719;685;651;616;559;501;447;363;241;159;104;82;50;34;25;25;17;20;15;13;10;10;4;6
M¿s de 7;Sin Informaci¿n;Sin Informaci¿n;MATRICULADOS;;;;;;;;;;;;;1;2;2;5;5;6;7;9;9;12;13;14;16;18;19;19;21;29;55;72;68;71;65;63;64;57;51;32;29;16;8;3;4;2;2;;;;;;;
M¿s de 7;Sin Informaci¿n;Ninguno;MATRICULADOS;22;27;44;63;75;87;113;132;143;132;138;138;145;126;147;145;182;197;223;226;244;257;281;278;300;244;218;246;216;217;269;289;437;441;500;529;614;696;783;824;946;1077;1221;1379;1678;1808;2003;1939;1858;1770;1655;1519;1332;946
M¿s de 7;Sin Informaci¿n;1 a 3;MATRICULADOS;1;3;10;12;23;23;24;25;30;31;30;30;29;25;22;22;37;46;51;54;55;54;53;55;54;41;31;36;21;19;28;26;27;28;35;43;44;49;47;41;38;39;41;41;37;40;33;30;30;25;26;22;19;10
M¿s de 7;Sin Informaci¿n;4 a 6;MATRICULADOS;;;1;1;1;1;2;3;3;3;3;4;3;5;10;9;15;17;18;17;20;23;25;25;26;28;23;25;25;22;25;26;38;35;40;38;34;34;33;31;28;28;24;22;21;16;15;12;11;11;6;6;5;3
M¿s de 7;Sin Informaci¿n;M¿s de 7;MATRICULADOS;;;1;1;1;1;1;1;1;2;2;3;23;30;40;50;66;83;88;89;91;93;92;90;84;59;50;60;45;61;134;130;128;120;121;114;114;111;86;68;33;19;9;6;3;5;4;2;3;2;;1;;1
M¿s de 7;Ninguno;Sin Informaci¿n;MATRICULADOS;1;1;2;2;3;3;4;4;4;5;6;6;5;4;6;7;6;7;13;24;31;38;49;50;56;61;66;73;71;76;95;87;79;68;63;59;50;43;32;19;12;9;9;6;5;4;3;1;1;;1;;;
M¿s de 7;Ninguno;Ninguno;MATRICULADOS;1994;2378;2885;3271;3963;4436;5147;5664;5971;5938;6311;6405;6567;6548;6780;6738;6956;6980;7030;7180;7352;7580;7808;7854;7927;8054;8260;9173;8422;8565;8752;8802;8817;8638;8491;7796;7332;6660;6125;5374;4812;4194;3594;2957;2473;2059;1885;1634;1379;1224;1002;843;686;520
M¿s de 7;Ninguno;1 a 3;MATRICULADOS;145;174;232;252;303;326;394;414;477;476;479;468;464;452;463;455;455;426;409;396;398;393;407;380;379;351;366;371;321;306;293;253;240;207;195;192;164;158;139;120;102;87;78;62;50;36;30;29;22;17;12;9;10;5
M¿s de 7;Ninguno;4 a 6;MATRICULADOS;3;11;14;19;25;29;35;39;43;40;44;50;48;44;47;46;50;49;57;77;92;108;120;137;152;159;180;196;193;178;175;169;178;171;175;162;144;131;113;94;77;54;35;19;11;7;10;6;4;6;2;3;3;3
M¿s de 7;Ninguno;M¿s de 7;MATRICULADOS;1;1;1;1;3;4;4;5;5;7;7;6;7;7;9;8;7;8;12;37;52;66;85;100;123;129;154;175;178;187;207;186;165;152;145;134;108;95;61;38;25;15;8;7;4;5;5;1;2;1;1;1;;1
M¿s de 7;1 a 3;Sin Informaci¿n;MATRICULADOS;;;1;1;1;1;1;2;3;3;6;7;10;12;13;12;14;14;14;15;10;6;5;6;6;5;6;7;11;11;19;36;37;39;39;39;36;36;32;30;24;20;12;10;9;5;6;4;3;3;3;2;2;1
M¿s de 7;1 a 3;Ninguno;MATRICULADOS;158;231;368;454;546;602;727;796;907;1041;1214;1308;1426;1509;1528;1497;1568;1525;1502;1352;1241;1107;1033;954;896;895;946;1058;1018;1059;1174;1315;1530;1753;2035;2262;2709;2931;3468;3635;3999;4107;4418;4415;4534;4258;4182;3764;3348;2966;2426;2071;1734;1312
M¿s de 7;1 a 3;1 a 3;MATRICULADOS;21;38;57;64;79;81;100;107;140;166;183;192;201;208;205;192;192;181;178;149;121;104;97;76;66;61;66;64;72;73;76;87;99;135;188;220;246;267;265;260;255;251;231;201;188;156;144;109;88;73;50;42;37;31
M¿s de 7;1 a 3;4 a 6;MATRICULADOS;5;7;10;13;14;15;20;24;32;39;50;54;62;65;69;66;66;62;68;54;47;41;32;30;25;26;30;37;35;38;42;54;81;116;142;147;148;153;151;144;127;120;102;77;60;48;38;28;21;16;13;13;11;9
M¿s de 7;1 a 3;M¿s de 7;MATRICULADOS;1;1;2;3;3;3;3;4;5;6;9;12;20;24;26;24;28;29;31;30;31;25;23;21;23;26;32;38;50;54;55;54;54;53;52;51;47;43;38;33;26;20;16;12;12;7;7;4;5;3;2;1;1;1
M¿s de 7;4 a 6;Sin Informaci¿n;MATRICULADOS;1;1;1;2;3;2;2;3;3;4;5;9;16;19;23;28;35;36;36;37;34;34;32;27;20;23;19;21;15;13;29;73;69;69;65;68;65;67;67;52;30;16;11;10;6;6;6;3;3;2;3;2;2;3
M¿s de 7;4 a 6;Ninguno;MATRICULADOS;55;101;135;167;210;237;299;340;391;438;522;560;626;677;791;805;880;880;897;869;836;835;796;711;594;535;535;608;535;578;658;769;1097;1245;1834;1945;2248;2457;2988;3241;3803;4008;4290;4330;4389;4300;4523;4304;3919;3453;2902;2361;1812;1312
M¿s de 7;4 a 6;1 a 3;MATRICULADOS;17;28;58;66;89;101;132;145;190;215;223;212;208;199;204;194;210;188;160;135;118;119;113;88;72;64;54;62;54;51;57;65;68;84;129;134;157;173;167;167;161;163;156;146;134;128;111;101;86;74;52;48;29;21
M¿s de 7;4 a 6;4 a 6;MATRICULADOS;3;5;10;11;21;24;28;40;41;40;52;58;71;74;83;84;85;77;77;75;74;72;62;54;47;41;46;53;48;42;54;71;78;175;255;252;247;252;247;241;229;203;174;131;76;66;53;36;20;15;13;10;9;5
M¿s de 7;4 a 6;M¿s de 7;MATRICULADOS;;1;2;2;3;3;5;7;9;8;13;25;108;148;196;208;229;230;235;231;224;218;188;148;93;71;65;79;50;42;54;56;57;56;52;51;50;38;30;24;20;17;10;5;6;7;6;5;5;5;4;3;2;
M¿s de 7;M¿s de 7;Sin Informaci¿n;MATRICULADOS;;;;;;;;;;;;;1;1;3;5;6;7;7;9;19;20;24;28;35;40;50;65;85;86;93;103;99;92;83;68;63;44;39;33;26;26;23;15;15;10;11;9;8;9;10;6;7;4
M¿s de 7;M¿s de 7;Ninguno;MATRICULADOS;25;43;88;119;170;193;220;221;241;243;247;227;214;195;194;183;232;282;397;453;575;665;788;851;999;1046;1184;1293;1273;1265;1265;1220;1277;1274;1442;1538;1892;2111;2455;2692;3459;3839;4439;4738;5483;5795;6313;6133;5823;5329;4760;4218;3654;2902
M¿s de 7;M¿s de 7;1 a 3;MATRICULADOS;2;4;12;17;27;34;39;39;42;45;45;43;42;38;29;23;32;51;87;97;126;138;161;179;219;226;241;253;214;201;195;181;160;140;142;161;177;189;188;185;190;187;197;194;203;195;174;153;127;105;88;76;60;44
M¿s de 7;M¿s de 7;4 a 6;MATRICULADOS;;1;2;2;3;4;5;5;6;6;6;6;5;6;7;7;10;15;26;34;82;97;145;152;180;189;218;224;238;219;198;177;151;147;149;127;106;93;89;86;81;83;74;70;57;48;38;36;30;21;20;13;12;8
M¿s de 7;M¿s de 7;M¿s de 7;MATRICULADOS;;;;;;;;;;;2;3;20;29;38;46;69;90;135;173;220;274;327;366;453;493;551;643;729;746;745;689;655;594;536;492;421;319;207;166;109;71;50;32;15;13;14;13;11;8;8;9;7;5
