AREA;NUCLEO;TIPO;1998-1;1998-2;1999-1;1999-2;2000-1;2000-2;2001-1;2001-2;2002-1;2002-2;2003-1;2003-2;2004-1;2004-2;2005-1;2005-2;2006-1;2006-2;2007-1;2007-2;2008-1;2008-2;2009-1;2009-2;2010-1;2010-2;2011-1;2011-2;2012-1;2012-2;2013-1;2013-2;2014-1;2014-2;2015-1;2015-2;2016-1;2016-2;2017-1;2017-2;2018-1;2018-2;2019-1;2019-2;2020-1;2020-2;2021-1;2021-2;2022-1;2022-2;2023-1;2023-2;2024-1;2024-2
Sin informaci¿n;Sin informaci¿n;DESERTORES;0;0;332;423;339;357;789;434;548;567;547;616;1400;2709;446;492;1375;560;690;1228;1;280;442;67;71;45;45;153;22;29;18;33;40;39;33;35;38;2;;;;;;;;;;;;;;42;109;6
Agronomía veterinaria y afines;AGRONOMIA;DESERTORES;0;0;83;108;97;121;136;184;521;338;287;316;419;379;508;489;558;557;684;733;935;854;1160;820;1495;1316;1046;1179;1188;1477;1762;2368;2799;4713;2402;3223;2993;3296;1797;3163;1663;3850;1184;3075;1166;3853;2310;3156;1207;3445;1269;3123;1416;2409
Agronomía veterinaria y afines;ZOOTECNIA;DESERTORES;0;0;182;190;300;235;371;265;470;470;574;660;700;842;878;1500;1116;649;743;714;709;1098;984;1003;1199;1236;1159;1095;1043;1058;1628;1133;1639;1830;1604;1301;1525;1550;1204;1603;1226;1611;945;1583;916;2115;1507;1520;921;1957;1074;2254;1196;1830
Agronomía veterinaria y afines;MEDICINA VETERINARIA;DESERTORES;0;0;169;138;204;183;266;241;395;394;418;573;517;585;598;697;656;693;722;818;884;893;911;859;908;876;913;845;958;966;1027;896;1045;1175;1206;1146;977;1010;1566;1024;1183;1150;1095;1112;1200;1985;1150;746;1216;1241;1132;1242;1257;1319
Bellas artes;"ARTES PLASTICAS, VISUALES Y AFINES";DESERTORES;0;0;156;175;245;199;255;226;220;287;301;300;362;437;472;478;575;564;614;590;681;613;736;812;729;672;794;899;904;1007;2084;951;963;1033;1138;1140;1149;1244;1292;1269;1400;1494;1323;1626;1337;1657;1497;1295;1486;1602;1285;1803;1455;1624
Bellas artes;ARTES REPRESENTATIVAS;DESERTORES;0;0;2;60;3;64;5;24;22;85;53;43;164;126;31;64;53;28;91;60;77;65;75;43;127;104;119;72;123;103;164;95;141;147;131;122;142;165;190;255;230;311;165;344;249;228;229;389;234;421;154;480;206;488
Bellas artes;PUBLICIDAD Y AFINES;DESERTORES;0;0;803;600;702;583;617;611;631;654;658;716;735;745;855;805;762;780;908;1746;941;1150;1393;2073;1584;1463;1719;1478;1509;1357;1387;1837;1343;1463;1239;1259;1037;1062;1560;966;822;748;637;681;682;617;766;1186;1037;2264;1553;2565;1492;2295
Bellas artes;DISEÑO;DESERTORES;0;0;550;343;625;461;742;928;1118;1281;1320;1349;1448;1515;1714;2196;2120;2734;2330;2261;3197;3308;4371;4515;3781;4856;4452;4848;5171;5572;6227;4946;5817;7354;5532;5210;5808;7310;5347;5605;4643;5417;3386;5156;3100;5909;4299;4014;3327;4749;3698;4394;3984;4214
Bellas artes;MUSICA;DESERTORES;0;0;142;53;68;103;147;205;170;281;197;218;242;288;319;295;364;287;290;451;373;416;369;360;447;456;441;432;440;503;431;560;564;514;521;552;489;511;611;717;543;691;647;783;691;855;740;757;751;909;823;911;850;921
Bellas artes;OTROS PROGRAMAS ASOCIADOS A BELLAS ARTES;DESERTORES;;;;;;;;;;0;0;6;0;0;2;4;4;9;35;15;31;16;35;80;62;71;83;85;94;159;490;141;813;514;785;340;1566;1146;333;1414;656;1232;495;1289;352;1305;603;1152;463;1150;455;980;438;784
Ciencias de la educación;EDUCACION;DESERTORES;0;0;3978;2797;2621;3163;3658;4402;3860;4759;5121;4978;5368;7651;6305;7854;6563;6896;6891;8703;9985;9841;11946;12614;12594;13013;12209;14003;15054;13491;13922;13944;14050;16503;15624;14547;16864;15940;19152;21055;18376;20087;15092;17368;14138;16407;13483;13198;13306;14162;12785;12988;13210;12430
Ciencias de la salud;BACTERIOLOGIA;DESERTORES;0;0;364;210;119;132;201;173;256;307;305;295;472;459;522;430;508;474;573;451;512;507;473;442;487;538;523;510;481;471;458;364;431;400;308;323;602;275;279;308;284;255;241;276;229;214;235;145;182;184;197;220;204;207
Ciencias de la salud;ENFERMERIA;DESERTORES;0;0;278;275;373;261;319;621;504;685;633;643;700;827;1018;804;888;909;974;909;1042;1180;1444;1309;1381;1360;1441;1593;1465;1535;1498;1379;1313;1627;1468;1420;1271;1335;1546;1454;1598;1555;1343;1354;1243;1303;1145;907;1368;1345;1116;1701;1093;1021
Ciencias de la salud;TERAPIAS;DESERTORES;0;0;458;965;583;391;519;629;739;962;667;714;882;792;1003;749;754;729;772;852;1037;1128;1185;1187;1224;1018;1161;1097;1156;1558;1083;1242;1307;1340;1428;1354;1792;1776;1334;2057;1840;2202;1292;1975;1148;1753;1225;1612;963;1813;1191;1852;1357;1785
Ciencias de la salud;INSTRUMENTACION QUIRURGICA;DESERTORES;0;0;161;161;175;210;274;332;364;344;423;396;447;435;355;283;361;338;347;290;302;300;307;294;222;258;285;308;282;317;275;276;304;287;368;299;246;261;319;352;302;263;249;260;221;191;207;141;201;164;210;223;196;238
Ciencias de la salud;MEDICINA;DESERTORES;0;0;959;229;430;399;656;698;877;985;1021;1061;1428;1271;1203;1196;1484;1162;1233;3254;1690;1593;1904;2117;1948;1977;2889;4123;2349;2234;2090;2011;1832;2380;1901;2503;1596;1660;1724;1802;1748;1896;1919;1901;1581;1957;1464;1813;1388;2242;1626;2303;1721;1987
Ciencias de la salud;NUTRICION Y DIETETICA;DESERTORES;0;0;13;34;15;28;38;89;51;60;44;82;51;98;137;89;85;108;118;122;177;121;120;117;144;112;109;132;156;151;147;89;108;146;144;132;143;153;194;192;244;180;280;335;302;242;205;177;217;158;208;186;192;181
Ciencias de la salud;ODONTOLOGIA;DESERTORES;0;0;1256;374;447;507;438;366;511;381;540;622;661;661;752;640;675;882;707;1739;922;1116;1120;1202;1156;1004;1115;1567;1275;1256;1333;1195;1103;1360;1285;1385;1054;1003;1226;1055;1097;1127;1113;850;870;967;854;475;674;657;726;695;716;612
Ciencias de la salud;"OPTOMETRIA, OTROS PROGRAMAS DE CIENCIAS DE LA SALUD";DESERTORES;0;0;145;45;55;65;100;58;85;85;95;85;141;120;105;97;154;203;180;131;158;185;251;352;482;406;406;485;440;575;568;567;545;588;554;517;443;484;399;439;279;304;298;263;232;250;203;157;253;248;263;227;245;241
Ciencias de la salud;SALUD PUBLICA;DESERTORES;0;0;0;9;25;10;56;60;102;94;100;86;146;170;233;247;216;212;212;216;351;313;580;629;1446;1373;1872;1106;2231;1147;3412;3004;2622;2527;3448;3913;2952;2818;2136;3076;1680;3394;2039;2762;1375;2407;1647;1512;1730;1990;2066;2522;2445;1974
Ciencias sociales y humanas;"ANTROPOLOGIA, ARTES LIBERALES";DESERTORES;0;0;36;42;42;57;60;41;115;147;79;132;114;152;148;184;170;116;181;167;186;209;228;192;192;229;224;213;172;237;219;238;203;241;236;226;250;189;276;228;209;204;217;258;259;231;268;137;304;199;198;235;247;223
Ciencias sociales y humanas;"BIBLIOTECOLOGIA, OTROS DE CIENCIAS SOCIALES Y HUMANAS";DESERTORES;0;0;3;5;11;8;19;32;56;46;49;57;61;62;75;81;46;83;92;169;118;155;210;152;143;208;311;236;287;839;2851;564;921;905;805;680;1908;1056;471;1289;421;1385;287;1392;449;1533;988;1494;670;1581;204;1434;240;801
Ciencias sociales y humanas;"CIENCIA POLITICA, RELACIONES INTERNACIONALES";DESERTORES;0;0;32;46;99;88;95;119;147;313;221;258;242;318;359;353;406;386;439;506;617;627;800;571;718;754;874;812;727;835;756;789;750;869;872;815;882;772;923;825;820;820;681;783;820;804;761;696;928;930;856;826;899;804
Ciencias sociales y humanas;"COMUNICACIÓN SOCIAL, PERIODISMO Y AFINES";DESERTORES;0;0;1397;508;831;638;842;932;1293;1073;1068;1338;1398;1569;1723;1847;1997;1924;2075;2504;2745;2816;3072;2982;2925;3015;3052;3228;3320;3643;3504;3436;3922;3809;4053;3905;4240;4456;4857;4605;4165;4522;4047;4050;3570;4836;4364;3148;3329;3965;3350;3409;3365;3112
Ciencias sociales y humanas;"DEPORTES, EDUCACION FISICA Y RECREACION";DESERTORES;0;0;196;84;89;78;123;185;491;220;257;327;286;220;372;347;309;487;420;648;611;496;692;526;735;554;650;527;801;777;790;721;1018;944;1018;927;1048;1109;1223;1203;1773;1310;1234;1692;1458;1624;1774;1238;1123;1941;1091;2559;1252;1640
Ciencias sociales y humanas;DERECHO Y AFINES;DESERTORES;0;0;5166;2201;5736;2713;3222;3800;5299;4419;5210;5577;7171;5890;7391;6388;6613;7877;7749;11547;6990;10089;8810;9505;8624;10223;10310;10915;10303;13241;9994;12708;11497;13392;12698;13740;12256;13107;14358;14928;13606;15200;13098;14062;13076;14956;13033;12224;12454;12920;11830;12376;11405;11802
Ciencias sociales y humanas;FORMACION RELACIONADA CON EL CAMPO MILITAR O POLICIAL;DESERTORES;0;0;21;35;52;48;28;42;9;19;32;67;57;70;36;33;25;39;22;38;305;1536;293;418;295;412;1374;394;546;2153;146;830;516;1652;518;5104;2508;366;507;418;396;328;311;256;394;553;295;199;546;446;441;376;549;397
Ciencias sociales y humanas;"GEOGRAFIA, HISTORIA";DESERTORES;0;0;124;42;68;50;136;108;147;165;205;234;204;254;268;278;281;185;308;437;416;347;385;381;387;329;395;403;380;397;427;516;433;408;433;413;456;406;584;466;407;426;446;483;503;465;359;322;471;362;403;399;411;342
Ciencias sociales y humanas;"LENGUAS MODERNAS, LITERATURA, LINGUISTICA Y AFINES";DESERTORES;0;0;43;76;149;108;152;155;135;97;192;288;139;277;198;319;222;249;248;458;335;293;348;359;317;408;374;487;460;560;624;526;591;616;644;614;689;763;1248;892;856;866;802;791;993;981;958;780;922;803;982;1086;988;855
Ciencias sociales y humanas;PSICOLOGIA;DESERTORES;0;0;1298;1139;1432;1231;1381;1743;2260;1626;2163;2630;2967;3065;3316;3586;2678;2595;2701;4733;2250;4824;3879;4283;4711;4741;4751;4529;5447;5413;6148;6563;6991;7791;8398;8107;8496;8296;9499;8962;9466;8398;9451;8777;8771;9147;8355;6626;7420;6945;8159;7906;7897;6406
Ciencias sociales y humanas;"FILOSOFIA, TEOLOGIA Y AFINES";DESERTORES;0;0;201;144;139;156;140;136;197;392;267;375;318;414;390;659;490;702;450;616;466;695;756;665;591;692;572;730;569;713;592;759;613;688;644;806;622;679;665;673;708;634;607;741;717;741;575;666;747;742;746;847;656;761
Ciencias sociales y humanas;"SOCIOLOGIA, TRABAJO SOCIAL Y AFINES";DESERTORES;0;0;233;193;557;233;536;408;592;550;667;731;715;887;950;993;1067;1266;1327;1625;1289;1522;1583;1798;1715;1528;1672;1977;2071;2220;1881;2022;1818;2085;2293;2320;2414;2686;2932;3099;2705;2658;2733;2959;2809;3075;3000;2238;2869;3292;3111;3003;3007;3003
"Economía, administración, contaduria y afines";ADMINISTRACION;DESERTORES;0;0;7586;6339;7856;6956;8758;9903;9934;9464;10736;11128;12788;12134;13650;16165;16320;14392;15095;24128;21103;24414;31132;32054;29866;32299;32962;39154;40317;40637;44667;41730;50503;52125;58036;47112;61382;68460;62730;73356;55393;71281;45415;74050;43690;84452;52546;67558;45766;85459;48588;93291;44657;68732
"Economía, administración, contaduria y afines";ECONOMIA;DESERTORES;0;0;1459;1191;1262;1066;1198;1366;1819;1466;1426;1769;1776;2038;2093;2186;2271;2372;2398;3754;3377;3890;4241;4089;4281;4087;4665;4796;4778;4546;4897;4943;6408;6300;7426;6267;8663;10317;14443;9114;6527;9155;4261;7684;4330;6979;4593;5476;4081;5267;3672;5577;3507;4100
"Economía, administración, contaduria y afines";CONTADURIA PUBLICA;DESERTORES;0;0;3564;2501;3019;2808;2947;3594;3712;3384;3605;4462;4105;4455;4712;4610;5284;5147;5560;12222;8496;7398;9600;9661;9934;12010;10912;13996;14063;12142;13206;15096;16180;20087;17549;16261;18089;24119;18499;22753;18338;21694;13588;17678;13215;18423;17774;12714;12922;14837;14021;14534;13325;13427
"Ingeniería, arquitectura, urbanismo y afines";ARQUITECTURA;DESERTORES;0;0;748;450;637;551;747;790;857;782;791;1067;828;974;968;1007;1046;1041;1083;1142;1198;1288;1353;1420;1494;1590;1482;1503;1638;1877;1793;1848;1998;2044;2533;2335;3264;3274;2727;3977;3365;3533;2571;3286;2496;3803;2467;2760;2642;2901;2584;2314;2298;2190
"Ingeniería, arquitectura, urbanismo y afines";INGENIERIA BIOMEDICA Y AFINES;DESERTORES;0;0;30;63;96;45;92;167;207;181;262;266;236;337;296;253;336;221;279;265;345;311;367;298;355;421;431;374;481;531;570;686;613;606;579;626;597;647;835;682;806;693;795;702;749;610;490;393;547;495;602;452;543;458
"Ingeniería, arquitectura, urbanismo y afines";"INGENIERIA AMBIENTAL, SANITARIA Y AFINES";DESERTORES;0;0;571;428;579;545;1091;644;919;781;838;913;1103;999;1033;1326;1061;953;996;1363;1459;1536;1846;1971;2317;4731;2394;2412;3706;3747;4952;3808;7279;6472;8049;6053;10248;9086;6394;10227;7375;10083;4115;7979;4276;8243;3179;5797;2773;5478;2568;4003;2885;3217
"Ingeniería, arquitectura, urbanismo y afines";INGENIERIA ADMNISTRATIVA Y AFINES;DESERTORES;0;0;1142;481;355;312;317;439;847;390;441;445;475;478;498;450;428;443;391;550;434;484;521;464;1084;791;1026;589;543;428;759;820;392;413;595;315;353;381;503;498;441;401;333;343;400;365;309;229;331;318;275;249;265;220
"Ingeniería, arquitectura, urbanismo y afines";"INGENIERIA AGRICOLA, FORESTAL Y AFINES";DESERTORES;0;0;52;49;114;108;158;123;160;136;146;370;169;230;303;365;371;325;344;394;419;524;551;659;800;680;855;721;733;701;905;880;1038;1023;861;679;805;892;703;1050;744;904;571;900;613;907;883;791;827;948;850;1198;973;1035
"Ingeniería, arquitectura, urbanismo y afines";"INGENIERIA AGROINDUSTRIAL, ALIMENTOS Y AFINES";DESERTORES;0;0;350;317;322;294;376;620;542;563;556;565;691;812;847;1504;960;807;876;1337;867;1069;1076;1002;905;958;1162;1125;1081;1146;1108;1047;915;1115;1124;1057;1148;1074;1387;1270;1018;1366;1229;1792;1268;2170;1090;1803;1325;2866;1543;3611;1515;2665
"Ingeniería, arquitectura, urbanismo y afines";"INGENIERIA AGRONOMICA, PECUARIA Y AFINES";DESERTORES;0;0;142;154;244;249;278;289;380;389;367;391;367;488;482;642;553;433;442;558;621;494;568;565;585;687;664;634;727;770;810;706;1025;816;921;880;811;800;819;946;750;784;699;858;679;857;1405;763;559;1362;585;1801;753;1195
"Ingeniería, arquitectura, urbanismo y afines";INGENIERIA CIVIL Y AFINES;DESERTORES;0;0;774;1083;1171;1191;1365;1539;1847;1502;1424;1665;2151;1623;1924;1889;1905;1791;1789;2041;2709;2233;2854;2630;3047;3055;3304;3376;3321;4148;4279;4386;5755;5228;6083;5131;6436;6221;6292;8463;6479;7905;5096;6484;4759;6393;4224;4930;4344;4390;4424;4618;4612;3892
"Ingeniería, arquitectura, urbanismo y afines";"INGENIERIA DE MINAS, METALURGIA Y AFINES";DESERTORES;0;0;88;94;179;164;116;290;225;227;304;331;292;408;297;381;409;383;380;531;419;362;392;332;488;482;539;425;601;556;691;674;782;965;618;1054;1470;1292;966;1099;909;945;584;889;576;898;329;666;443;802;494;733;460;720
"Ingeniería, arquitectura, urbanismo y afines";"INGENIERIA DE SISTEMAS, TELEMATICA Y AFINES";DESERTORES;0;0;3940;3234;4496;4158;5506;5876;7407;6472;7454;7797;9286;9131;9272;10037;10037;8583;9891;10322;11209;12104;13707;12864;14282;13534;13991;14630;14908;15288;14810;12546;19157;16109;17464;14321;22911;23370;21143;23679;17149;22226;11895;25045;10527;28208;15645;22768;12886;29972;15376;36796;15813;29551
"Ingeniería, arquitectura, urbanismo y afines";INGENIERIA ELECTRICA Y AFINES;DESERTORES;0;0;162;200;318;339;451;371;540;506;709;576;555;639;713;811;784;687;805;974;1272;1178;1048;1027;1234;1126;1333;1357;1290;2010;3778;2048;2398;2192;2676;2539;3482;3464;1999;2892;2016;3316;1357;2803;1300;3054;1157;2800;1267;3050;1201;2983;1502;2132
"Ingeniería, arquitectura, urbanismo y afines";"INGENIERIA ELECTRONICA, TELECOMUNICACIONES Y AFINES";DESERTORES;0;0;1040;1135;1507;1597;2515;2515;4084;3268;3425;3554;4640;4264;4049;4008;5362;4342;4751;5533;5233;5672;6524;5947;7328;6567;7146;6250;7550;6820;9113;7565;8408;7018;7616;6609;7295;7126;8139;6961;6669;6371;5478;5781;5283;6330;4902;5075;4149;7383;4892;7335;5499;6022
"Ingeniería, arquitectura, urbanismo y afines";INGENIERIA INDUSTRIAL Y AFINES;DESERTORES;0;0;2171;1569;1927;1919;2367;2399;2743;2311;2719;3079;2882;3088;3445;3593;3712;3447;3844;6156;5529;6199;7864;6679;8330;8833;9733;9864;10405;11171;11851;12363;12414;13958;12763;12235;12794;12776;15417;12484;12533;11916;10560;11216;11110;11903;10082;9404;8869;9981;8995;9973;9404;9043
"Ingeniería, arquitectura, urbanismo y afines";INGENIERIA MECANICA Y AFINES;DESERTORES;0;0;633;651;939;716;1020;1023;1650;1210;1573;1384;1975;2083;1809;1636;2609;1922;2194;2081;2911;2861;4013;3169;3778;3579;3958;4338;4561;5384;5523;5476;5785;5647;7293;5955;7603;8301;5886;8412;6093;9081;4075;7374;4489;8213;4541;6311;3527;7627;3710;7207;3689;5024
"Ingeniería, arquitectura, urbanismo y afines";INGENIERIA QUIMICA Y AFINES;DESERTORES;0;0;474;171;217;269;232;336;341;326;407;401;334;408;393;438;465;394;490;470;485;463;537;557;555;488;619;471;709;739;980;709;966;912;1051;1028;1223;1084;1029;1120;936;1166;814;1068;941;1137;758;1588;1771;2495;2964;3168;3134;3199
"Ingeniería, arquitectura, urbanismo y afines";OTRAS INGENIERIAS;DESERTORES;0;0;142;141;170;146;215;489;292;528;232;256;268;213;268;741;336;325;335;802;391;326;483;348;389;352;481;604;513;3411;920;1618;1166;868;1055;957;1333;1390;1095;1611;1274;1380;847;1176;710;1321;607;885;609;716;666;645;623;655
Matemáticas y ciencias naturales;"BIOLOGIA, MICROBIOLOGIA Y AFINES";DESERTORES;0;0;168;166;254;295;290;404;519;558;497;599;629;700;881;1048;921;972;1036;1431;1232;1176;1361;1359;1393;1244;1417;1286;1394;1421;1303;1197;1277;1323;1443;1266;1275;1209;1801;1518;1480;1273;1159;1216;1260;1152;1012;985;1373;1309;1586;1262;1371;1229
Matemáticas y ciencias naturales;FISICA;DESERTORES;0;0;32;34;66;86;81;129;180;174;177;207;165;200;189;192;167;211;211;237;217;225;296;264;247;279;295;240;318;334;321;316;278;301;370;326;369;342;532;424;392;432;431;459;384;265;221;342;399;364;460;362;551;435
Matemáticas y ciencias naturales;"GEOLOGIA, OTROS PROGRAMAS DE CIENCIAS NATURALES";DESERTORES;0;0;12;4;13;10;17;27;37;43;48;45;46;81;91;94;96;88;104;91;71;83;84;66;71;77;74;79;96;68;145;65;326;295;432;276;602;876;230;1107;555;1190;147;1039;133;958;101;592;156;231;157;160;172;154
Matemáticas y ciencias naturales;"MATEMATICAS, ESTADISTICA Y AFINES";DESERTORES;0;0;38;80;88;150;248;375;374;381;298;299;303;432;415;516;451;422;507;542;658;581;674;592;570;599;799;647;750;707;683;738;729;637;703;679;749;673;909;782;752;756;705;792;773;646;480;541;792;693;768;860;903;857
Matemáticas y ciencias naturales;QUIMICA Y AFINES;DESERTORES;0;0;40;46;53;92;186;323;244;345;262;318;273;310;389;421;351;412;451;632;477;440;658;641;532;528;658;587;658;751;853;861;1083;1677;1045;955;1488;1815;1086;1352;908;1331;1001;1288;966;1127;703;1020;913;1250;956;1380;1031;1250
Sin Clasificar;SIN CLASIFICAR;DESERTORES;;;;;;;;;;;;;;;;;;;;;;;;;;;;;;;;;;;;;;;;;;;;0;0;0;51;1105;1416;9102;7722;24250;14402;47515
Sin informaci¿n;Sin informaci¿n;MATRICULADOS;1226;1545;1916;2001;2534;2362;2711;3244;3152;3927;4471;4096;2115;2140;2416;1391;1406;1371;77;354;568;219;240;185;215;348;88;79;127;129;122;138;134;109;139;94;153;109;;;;;;;;;;;;;;34;28;7201
Agronomía veterinaria y afines;AGRONOMIA;MATRICULADOS;872;868;962;1084;1336;1425;1602;1509;1771;1712;2101;1939;2315;2425;2529;2557;2873;2847;3773;3760;4288;4121;5824;5800;6297;6642;11669;14196;14332;19206;16035;20030;14125;17372;17333;16750;16143;17318;17089;17867;16580;18661;16356;18406;15907;16567;15960;17105;15064;16089;14440;15951;11652;13784
Agronomía veterinaria y afines;ZOOTECNIA;MATRICULADOS;948;1109;1578;1666;2209;2021;3071;3211;3869;4141;4678;5011;5254;5490;5007;4220;5093;5135;5989;6252;6204;6345;6928;6775;7003;6739;7987;7733;9145;9234;10040;9886;9630;9169;9763;8812;9140;9093;9313;9168;8946;9626;10002;10527;10105;10453;11101;11723;11146;11877;11326;12233;9875;11464
Agronomía veterinaria y afines;MEDICINA VETERINARIA;MATRICULADOS;1392;1611;2009;2283;2776;2952;3721;3852;4680;5057;5491;5810;6231;6417;6771;6929;7196;7399;8537;8741;9120;9124;9609;9698;10132;10007;10494;9983;10953;10241;11637;11789;12328;12544;13279;13157;14525;14361;15160;15315;15679;15689;16279;16214;15876;13604;17441;17827;17901;18582;18855;18868;16622;17391
Bellas artes;"ARTES PLASTICAS, VISUALES Y AFINES";MATRICULADOS;668;919;1206;1324;1687;1852;2140;2514;2898;3183;3620;3840;4245;4410;4704;4631;4849;4857;5859;5965;6296;6428;6534;6689;7085;7412;8524;8037;9595;8747;9130;9418;9917;10035;10519;10490;10832;10959;11651;11687;11831;11772;11801;11814;11856;10932;12760;12399;13189;13676;13670;14267;12013;13049
Bellas artes;ARTES REPRESENTATIVAS;MATRICULADOS;12;86;43;112;61;119;152;192;225;236;375;248;198;341;445;319;525;315;511;430;530;403;617;591;723;502;855;676;1035;889;1125;1177;1249;1221;1407;1608;1809;2032;2022;2134;2062;2227;2289;2588;2764;2792;2902;2909;2941;3255;2814;3030;2316;2650
Bellas artes;PUBLICIDAD Y AFINES;MATRICULADOS;2860;2821;3384;3412;3781;3871;4307;4502;5079;5352;5920;6086;6485;6437;6584;6563;6665;6312;6717;7363;8415;9249;9364;8908;9488;9131;9418;9105;9265;9349;9124;8715;8463;8183;8051;7807;7781;6798;6419;6017;5777;5554;5438;5334;6494;7627;9056;10137;10853;11929;11356;12109;8981;10841
Bellas artes;DISEÑO;MATRICULADOS;2169;2499;3483;3802;4934;5636;6859;7730;8991;9645;11318;12024;13295;13923;14845;15504;16414;16541;22350;23085;25977;26342;28088;29791;31402;31640;36149;35819;39189;38607;41417;42190;41435;40516;41051;40252;38101;38132;37158;36407;34881;35832;34604;35332;32523;29253;30900;32216;33641;34342;35404;35495;28525;30383
Bellas artes;MUSICA;MATRICULADOS;347;351;517;650;924;1092;1158;1482;1505;1754;2017;2054;2222;2263;2465;2403;2452;2506;2760;2940;3175;3248;3516;3813;3961;4190;4378;4181;4707;4923;5033;5030;5245;5304;5552;5601;5992;6074;6080;6577;6909;7114;7392;7614;7673;7202;8097;8127;8214;8041;7708;7948;6797;7142
Bellas artes;OTROS PROGRAMAS ASOCIADOS A BELLAS ARTES;MATRICULADOS;;;;;;;;;;15;19;23;35;48;84;96;159;160;219;252;309;465;536;579;859;894;1936;2217;3241;3482;4603;5317;5544;5410;6336;5494;4644;5615;5100;5580;5057;5741;5283;6010;5134;4848;4536;4691;3952;4325;3729;4119;3007;3376
Ciencias de la educación;EDUCACION;MATRICULADOS;23409;21939;28819;32066;36378;38088;42664;42412;48327;49613;53200;55806;55377;60535;63748;66222;72457;76119;88538;93662;101376;104788;110154;113588;117460;116917;128751;126030;134388;136352;141771;147723;152292;154634;162760;161885;165858;164118;161272;156906;151384;146681;145677;144675;142442;134683;145759;138693;146076;146130;148411;147058;127249;134186
Ciencias de la salud;BACTERIOLOGIA;MATRICULADOS;737;689;869;1020;1791;1985;2521;2812;3479;3831;4837;5111;5546;5591;6153;6189;6304;6043;6287;6235;6152;6033;6196;6009;6065;5808;5744;5564;5491;4792;5189;5033;4828;4405;4977;4590;4474;4506;4489;4451;4520;4585;4632;4543;4640;4250;5009;4989;5352;5402;5439;5499;4906;4936
Ciencias de la salud;ENFERMERIA;MATRICULADOS;1713;2456;3310;4069;5131;5995;7137;8007;8682;9564;10405;10990;11560;10922;12365;12747;13537;13508;15123;16050;17119;17375;18357;18757;19341;20113;21108;21046;21736;21177;21696;21996;22375;21999;22202;21909;22789;22778;23315;23538;23521;23597;23903;23489;23680;21122;23640;23189;23476;24343;23942;23993;20935;21548
Ciencias de la salud;TERAPIAS;MATRICULADOS;3398;3974;4252;4832;5949;6530;7821;8225;8697;9019;10195;10386;10478;10337;10497;10883;11147;11413;12671;12941;13425;13260;13524;13269;14042;13778;14156;14997;13874;15448;15993;17200;17707;17745;19090;19523;19937;21372;21725;22060;22088;23409;23037;23545;22707;21525;23256;24393;24741;25728;25256;25574;21753;22379
Ciencias de la salud;INSTRUMENTACION QUIRURGICA;MATRICULADOS;836;1353;1776;2163;2442;2717;2972;2863;2874;2716;2725;2639;2559;2307;2502;2355;2484;2245;2421;2349;2432;2369;2254;2296;2443;2344;2376;2424;2567;2625;2732;2748;3076;3009;3127;3154;3290;3142;3289;3222;3270;3297;3370;3387;3586;3260;3612;3605;3734;3698;3787;3775;3165;3266
Ciencias de la salud;MEDICINA;MATRICULADOS;2686;3219;5261;6351;8805;9844;11753;13380;14882;16481;18364;19542;20722;20224;22273;22254;23843;24138;26528;27390;28809;29633;30480;32010;34824;35818;36533;37685;39098;39440;39980;41777;42527;42818;43190;44113;45786;46893;47620;48563;49163;50093;51588;52979;54288;54090;57599;58641;59635;60863;59895;60683;54396;55056
Ciencias de la salud;NUTRICION Y DIETETICA;MATRICULADOS;141;273;261;440;566;676;763;901;1043;1197;1213;1520;1695;1674;1303;1765;1883;1889;2037;2034;2066;2090;2142;2101;2145;2237;2341;2299;2241;1672;2349;2645;2947;3103;3277;3060;3830;4103;4462;4746;5198;5449;5599;5457;5669;5339;5938;5164;5951;5768;5667;5521;4823;4745
Ciencias de la salud;ODONTOLOGIA;MATRICULADOS;3427;2535;3522;4033;4546;5867;6697;6766;7453;7660;8038;7965;8365;8117;8497;8950;9433;9539;11441;11274;12076;11822;11999;11949;13227;13668;13898;13945;14384;14553;14883;15210;15355;14405;15060;14875;15218;14738;14798;14331;14066;13178;13388;12682;12410;10634;12004;11472;12503;12326;12669;12193;10935;11582
Ciencias de la salud;"OPTOMETRIA, OTROS PROGRAMAS DE CIENCIAS DE LA SALUD";MATRICULADOS;325;285;472;586;728;740;949;955;1143;1195;1283;1292;1321;1302;1490;1569;1594;1577;2065;2027;2342;2865;3356;3473;3984;4342;4656;4584;4769;4568;4753;4749;5015;4857;4663;4533;4364;4240;4017;4020;3988;3968;4019;4022;3959;3796;4189;4199;4301;4199;4263;4345;3657;3748
Ciencias de la salud;SALUD PUBLICA;MATRICULADOS;17;59;97;85;168;255;404;354;639;793;1013;1205;1402;1502;1559;1634;1553;1498;2046;2280;3501;3945;5749;6081;8483;6837;13925;13705;19895;21414;21528;24492;25103;23211;20582;20663;18448;20116;18649;21590;19234;19882;17407;17876;15231;15338;16883;17816;18655;18538;18520;17587;14060;14188
Ciencias sociales y humanas;"ANTROPOLOGIA, ARTES LIBERALES";MATRICULADOS;372;464;528;635;726;674;1049;1095;1133;1246;1370;1446;1504;1518;1558;1155;1602;1581;1706;1729;1803;1764;1878;1910;1946;2012;1764;2214;2239;2300;2379;2491;2594;2756;2894;2524;3086;3018;3130;3144;3224;3269;3284;3167;3185;2009;3207;2688;3119;3103;3017;2943;2594;2612
Ciencias sociales y humanas;"BIBLIOTECOLOGIA, OTROS DE CIENCIAS SOCIALES Y HUMANAS";MATRICULADOS;65;109;181;165;275;366;445;453;539;616;692;678;712;747;468;827;912;935;1146;1279;1473;1416;1844;1855;2688;2183;4084;5181;5539;7010;7768;8952;8551;8825;8718;8089;7502;9169;8372;9580;9034;11326;10177;11948;10643;11405;8744;8959;6775;7979;6172;6761;5050;5920
Ciencias sociales y humanas;"CIENCIA POLITICA, RELACIONES INTERNACIONALES";MATRICULADOS;476;624;963;1189;1523;1759;2181;2550;2925;3303;3876;4196;4624;4750;5125;5115;5546;5489;6244;5979;6559;6334;6746;6849;7124;7163;7334;7361;7507;7970;8256;8438;8784;8932;9321;8879;9656;9542;9742;9703;9735;9930;10166;10029;9932;9458;10671;10360;10085;9627;10205;9847;8484;8592
Ciencias sociales y humanas;"COMUNICACIÓN SOCIAL, PERIODISMO Y AFINES";MATRICULADOS;4519;3944;5318;5686;7371;7981;9231;9621;10844;11920;13677;14619;16031;16643;17924;18041;19789;20232;23398;23763;25332;25222;26771;26787;28567;28293;29891;29871;31562;31775;34864;35166;37720;37452;39791;39543;42190;41075;42623;41593;42625;41316;41683;40015;39562;34341;36924;35108;35348;33912;34011;31663;26240;25422
Ciencias sociales y humanas;"DEPORTES, EDUCACION FISICA Y RECREACION";MATRICULADOS;613;502;654;783;991;1154;1414;1323;1497;1595;2003;2112;2614;2913;3170;3577;3774;3920;4800;4736;5308;5188;5683;5560;5982;6042;6681;6291;7034;6917;7866;7949;8599;8835;9632;10106;10795;10952;11811;11447;12061;12857;13604;14446;15625;15149;16504;16799;16657;16904;14899;15326;12251;14240
Ciencias sociales y humanas;DERECHO Y AFINES;MATRICULADOS;15508;11977;21413;18543;27568;26121;37523;33870;43712;40699;49357;43611;50940;46881;56580;54446;59985;56854;67154;68164;73288;75475;81664;83433;89265;90289;96626;96251;102258;107074;112466;115528;119697;119665;124434;123665;130810;128941;130794;129011;130237;127981;130174;127754;129461;118443;126329;119051;120324;115206;113232;107389;92367;91260
Ciencias sociales y humanas;FORMACION RELACIONADA CON EL CAMPO MILITAR O POLICIAL;MATRICULADOS;345;269;390;352;483;447;732;556;619;575;558;541;534;507;535;511;1022;1266;7743;9977;12152;13684;14014;12680;15573;12047;12278;12097;7838;10433;8341;9449;8262;11436;7700;5846;9826;9393;9416;9308;9786;9734;11890;13293;12285;8146;14656;13061;11840;10252;13342;10496;5843;10795
Ciencias sociales y humanas;"GEOGRAFIA, HISTORIA";MATRICULADOS;284;305;482;603;816;826;1186;1379;1579;1718;1896;2083;2239;2178;2353;2130;2559;2649;2818;2739;2800;2819;2893;2896;3053;3079;3066;3249;3509;3527;3675;3640;3890;3859;4045;3727;4304;4104;4338;4211;4433;4294;4450;4204;3817;3940;4702;3995;4776;4600;4670;4433;3878;3737
Ciencias sociales y humanas;"LENGUAS MODERNAS, LITERATURA, LINGUISTICA Y AFINES";MATRICULADOS;399;639;962;1046;1217;1412;1633;1740;2036;2170;2209;2398;2329;2459;2508;2520;2657;2642;2773;2762;2990;3030;3284;3307;3500;3364;3916;4232;4620;4547;4918;5049;5413;5502;6206;6791;7601;7256;7648;7625;8112;8007;8714;8661;8880;7920;9156;8905;10093;9897;9956;9352;8121;7926
Ciencias sociales y humanas;PSICOLOGIA;MATRICULADOS;5421;6856;9727;11058;13898;15543;17491;17691;22099;24747;26955;27540;28712;28362;27372;27546;29296;29968;31737;34556;35548;36240;38660;39199;41946;43363;46952;49201;55609;58358;64404;68028;74716;76563;85132;86934;96750;97261;104234;102504;109346;106025;109086;105550;105367;96626;102356;98123;100529;96963;94542;88155;76575;74928
Ciencias sociales y humanas;"FILOSOFIA, TEOLOGIA Y AFINES";MATRICULADOS;555;498;737;718;912;943;1359;1457;1668;1748;2046;2215;2562;2701;2910;2966;3092;3096;3440;3485;3827;3630;3628;3638;3730;3813;3972;4052;4181;4103;4197;4168;4396;4313;4326;4344;4457;4378;4576;4110;4502;4502;4693;4594;4655;4394;5184;4601;5187;5146;4928;5134;4210;4306
Ciencias sociales y humanas;"SOCIOLOGIA, TRABAJO SOCIAL Y AFINES";MATRICULADOS;1350;2072;2582;2530;3639;3470;4966;5307;6119;6701;7055;7820;8226;8663;9349;9171;10308;10278;10781;11411;12667;13394;14445;14927;16093;16970;17276;18576;19800;20309;21088;22609;24355;25377;27452;27692;30813;31346;32296;32767;34144;33713;36008;36932;38364;33205;39938;39099;40365;39479;39896;38529;32756;33378
"Economía, administración, contaduria y afines";ADMINISTRACION;MATRICULADOS;31316;35801;45836;48177;57364;61431;68363;71099;80517;84849;91344;92597;97486;98263;101506;98370;106919;108902;138356;148944;171968;175693;189709;202661;228401;236280;271387;273749;315283;323045;352323;371145;391564;396863;425239;430962;439663;458529;458220;477205;465526;483690;457358;477512;455145;467845;482190;504403;474503;478155;411076;410685;296630;317785
"Economía, administración, contaduria y afines";ECONOMIA;MATRICULADOS;5674;5930;8294;8635;11163;12494;14173;14971;16447;17529;18148;19007;19602;20175;20255;20875;21630;22194;26454;27587;30304;30554;33121;33399;35456;34871;39745;42864;46122;51742;55980;61951;62872;66154;69652;70122;69323;62431;59829;59973;54279;56573;51236;52061;47261;46306;45361;44584;43330;43529;40667;40507;33084;34231
"Economía, administración, contaduria y afines";CONTADURIA PUBLICA;MATRICULADOS;15773;17317;20490;21274;24312;27079;29235;31047;34763;37686;38670;40199;41247;42011;43462;43635;45439;45795;50850;52920;62974;65555;74252;79480;90729;91404;101250;103726;118084;126982;133720;142725;144049;146909;152850;154118;152490;157199;152502;150396;139365;138630;131446;128031;122678;110621;114753;111382;115365;111523;109704;105954;85539;89657
"Ingeniería, arquitectura, urbanismo y afines";ARQUITECTURA;MATRICULADOS;4297;4670;6222;6696;7973;8676;9637;9738;10699;11351;11409;11679;11820;11604;11804;11644;11895;11641;12585;12878;13854;14259;15049;15656;16586;17357;18921;19603;21104;22370;24534;26560;28773;29795;32526;32979;34223;34792;34795;34425;34177;34837;35533;34770;31605;30516;30807;29027;29716;28903;29013;28329;24416;24247
"Ingeniería, arquitectura, urbanismo y afines";INGENIERIA BIOMEDICA Y AFINES;MATRICULADOS;144;260;409;447;559;873;1175;1204;1566;1652;1764;1907;1942;1881;2058;1580;1976;1907;2057;1977;2183;2169;2470;2675;2733;2402;3178;3446;3889;4341;4570;4793;5074;5218;5653;5792;6357;6260;6808;6696;7045;7052;7148;6838;7046;6346;7235;7040;6866;6096;6590;6212;5317;5293
"Ingeniería, arquitectura, urbanismo y afines";"INGENIERIA AMBIENTAL, SANITARIA Y AFINES";MATRICULADOS;2334;2567;3827;4235;5662;6000;7133;6820;7854;8177;8847;8726;8794;9564;9260;8852;9159;9068;11230;12109;13441;14843;16956;18754;19368;19963;29686;31535;39973;44547;53682;60612;64277;65545;71988;72132;70909;72482;69222;68573;60390;62966;57202;57168;47339;45455;40636;39847;33862;32130;30364;29253;23712;23735
"Ingeniería, arquitectura, urbanismo y afines";INGENIERIA ADMNISTRATIVA Y AFINES;MATRICULADOS;1879;1294;1946;2310;3211;3738;4644;4342;4575;4979;5222;5092;5078;4713;4571;4373;4048;3900;4071;4031;4249;4247;5440;4755;5608;4982;4878;4967;5463;5114;4890;4848;5076;4568;4745;4781;5128;5139;4992;4965;4786;4589;4454;4132;3753;3793;3900;3482;3306;3200;3112;2926;2496;2461
"Ingeniería, arquitectura, urbanismo y afines";"INGENIERIA AGRICOLA, FORESTAL Y AFINES";MATRICULADOS;259;316;581;667;825;935;1185;1315;1442;1684;1717;2041;2287;2415;2614;2604;2723;2894;3430;3678;3956;4374;4925;4922;5353;5233;5882;5824;6267;6399;6626;6476;6374;6184;6671;6519;6690;6716;6755;6641;6525;6825;6723;6743;5992;6881;7714;7625;7873;8000;8151;8177;6710;7121
"Ingeniería, arquitectura, urbanismo y afines";"INGENIERIA AGROINDUSTRIAL, ALIMENTOS Y AFINES";MATRICULADOS;1442;1843;2342;2663;3236;3679;4031;4127;4754;5023;5596;5779;6081;6351;5556;5895;6182;6355;7067;7460;7450;7741;7894;8133;8693;8461;8172;8708;9117;8858;8977;9167;9475;9310;9819;9269;10884;10676;10895;11181;12033;12608;12998;13929;15004;16039;18832;19284;19089;19453;16935;17430;13365;14976
"Ingeniería, arquitectura, urbanismo y afines";"INGENIERIA AGRONOMICA, PECUARIA Y AFINES";MATRICULADOS;1166;1261;1693;2001;2238;2722;3125;3211;3523;3792;4028;4358;4464;4719;4938;4581;5026;5240;5678;5494;5400;5731;5903;6131;6155;6144;6784;6686;7137;7403;7949;7872;8168;8081;8325;8338;8491;8557;8513;8644;8495;8515;9057;10052;10999;11395;12080;12536;11650;12408;10886;11349;9193;10039
"Ingeniería, arquitectura, urbanismo y afines";INGENIERIA CIVIL Y AFINES;MATRICULADOS;5131;6290;8310;9391;10564;12268;13861;14016;14920;15754;17205;16817;17414;17273;17383;17011;17510;17480;21056;21093;23361;24616;27456;28544;31320;32357;37527;40496;46116;48744;53829;54874;59299;60064;65194;66720;71170;73318;73532;74140;71177;71369;69087;67344;61576;58013;59192;56593;55436;52942;51940;49334;42673;41928
"Ingeniería, arquitectura, urbanismo y afines";"INGENIERIA DE MINAS, METALURGIA Y AFINES";MATRICULADOS;417;456;861;1032;1083;1664;1975;2024;2664;2962;3239;3607;3414;4090;4314;4563;4738;5082;5381;5467;5720;5857;6219;6321;6686;6486;7857;7892;8662;9010;9827;10606;10341;11561;11983;11303;10724;10469;9603;9004;8234;8013;7494;7403;5661;6272;6180;6188;5522;5356;5153;5067;3970;3983
"Ingeniería, arquitectura, urbanismo y afines";"INGENIERIA DE SISTEMAS, TELEMATICA Y AFINES";MATRICULADOS;12753;14596;20209;21934;28302;31198;38185;38419;45374;45750;49991;49866;50730;49879;49849;46555;49152;46192;58344;58826;64585;63766;68964;67830;73808;70495;79850;80787;84762;90424;102920;108914;111213;111774;121621;118863;118568;120897;119161;125572;120796;131541;124080;132511;126643;133371;149701;162852;156238;160389;145302;150948;108581;120742
"Ingeniería, arquitectura, urbanismo y afines";INGENIERIA ELECTRICA Y AFINES;MATRICULADOS;964;1246;2015;2441;3026;3467;4155;4140;4926;4209;5330;5615;5529;6135;6301;6351;6513;6840;8217;8270;8926;9093;9608;9890;10537;10337;13059;15127;16287;18304;19947;21867;22233;22402;23254;22842;21338;22464;21109;22186;20739;22384;20233;21736;19262;20570;18883;19495;17889;18402;16712;17157;13414;14733
"Ingeniería, arquitectura, urbanismo y afines";"INGENIERIA ELECTRONICA, TELECOMUNICACIONES Y AFINES";MATRICULADOS;4215;5867;9041;11089;14650;16582;20580;20224;24150;25365;29365;29011;29698;29837;32031;30282;32030;30958;36153;35853;38567;37922;41184;39943;42691;40135;46456;43175;48090;44477;46414;44435;45135;42905;45435;43879;45432;42254;42774;40512;40568;39220;41573;42528;43615;42081;45198;47425;45819;45541;44286;43392;34676;36832
"Ingeniería, arquitectura, urbanismo y afines";INGENIERIA INDUSTRIAL Y AFINES;MATRICULADOS;9182;10198;13383;14721;17483;19021;21722;22625;25534;27173;29449;30674;31415;32519;33773;33854;36220;37634;44174;46085;52635;54052;62335;64060;69944;70382;77868;79947;87625;91736;96367;99711;101309;100080;103885;104649;108039;103152;103320;99754;98922;97122;96875;94212;92524;87568;90208;87983;87863;85034;85542;82418;67835;70335
"Ingeniería, arquitectura, urbanismo y afines";INGENIERIA MECANICA Y AFINES;MATRICULADOS;2983;3398;4938;5243;6489;7459;9167;8979;11418;11110;13506;13760;14025;14998;16244;15518;16679;16425;20966;21241;23670;22974;24284;25482;28323;27853;32670;36700;39025;44328;48410;52162;53994;53950;56884;57553;55872;58650;57502;60084;53695;55517;52154;53897;49434;49864;48233;48986;45831;46625;41934;41992;33120;34808
"Ingeniería, arquitectura, urbanismo y afines";INGENIERIA QUIMICA Y AFINES;MATRICULADOS;1178;998;1651;2049;2701;3118;3730;3807;4779;4929;5390;6027;5924;6676;6913;6848;7084;6987;7480;7511;7769;7791;7921;7854;8390;7788;9870;10304;11267;11872;12777;13246;13560;13540;13807;13740;13804;14279;14248;14208;13338;13758;13645;14229;13779;15641;17186;16641;19353;20131;20786;20951;16552;19708
"Ingeniería, arquitectura, urbanismo y afines";OTRAS INGENIERIAS;MATRICULADOS;654;801;992;1205;1472;2068;2194;2207;1975;2027;2414;2428;2719;2878;2697;2634;2763;2919;2771;2515;2926;2901;3201;3138;3518;3704;4789;8822;5241;6911;7205;6828;7436;7598;8721;8731;8798;9138;9197;9331;9232;9616;9429;9084;7731;7204;6921;6743;6678;6484;6647;6298;5429;5578
Matemáticas y ciencias naturales;"BIOLOGIA, MICROBIOLOGIA Y AFINES";MATRICULADOS;1192;1597;2359;2962;3401;4197;5167;5512;6237;6800;7223;8179;9000;9414;9455;10144;10546;10423;11294;11379;11513;11496;11952;11831;12649;12038;13041;12946;13271;12752;13441;13175;13849;13384;14071;14167;15029;14609;14836;14348;14882;14956;15818;15093;15743;15064;17522;15919;18058;17494;18049;17487;15302;15859
Matemáticas y ciencias naturales;FISICA;MATRICULADOS;201;195;339;457;538;702;824;905;994;1123;1134;1270;1290;1337;1129;1422;1435;1481;1567;1580;1574;1502;1431;1590;1595;1425;1855;1842;1912;1911;2034;2129;2316;2340;2457;2557;2778;2718;2827;2889;2996;3117;3195;2574;3344;3678;3938;3688;4114;3471;4229;4077;3513;3668
Matemáticas y ciencias naturales;"GEOLOGIA, OTROS PROGRAMAS DE CIENCIAS NATURALES";MATRICULADOS;55;65;104;124;171;239;301;348;399;473;533;667;692;700;723;756;821;801;894;939;983;999;1039;1071;1210;1340;1915;2380;3088;3544;4248;4938;5499;6135;6855;7207;6688;7602;7184;7659;6240;7227;5725;5647;3961;3283;2991;2938;2705;2717;2587;2542;2188;2167
Matemáticas y ciencias naturales;"MATEMATICAS, ESTADISTICA Y AFINES";MATRICULADOS;329;389;606;927;1264;1390;1555;1642;1674;1784;1960;2279;2283;2477;2336;2551;2698;2809;3097;3105;3176;3213;3277;3441;3707;3414;3850;3747;3975;3835;3898;3765;4046;3997;4304;4260;4609;4440;4603;4504;4883;4921;5402;4950;5127;5946;6698;6201;6881;6510;6917;6686;5658;5787
Matemáticas y ciencias naturales;QUIMICA Y AFINES;MATRICULADOS;306;479;753;1126;1519;1922;2180;2619;2788;3155;3367;3801;4068;4346;3357;4710;4930;4981;5179;5176;5538;5599;5545;5860;6222;6027;6226;7512;8286;8701;9589;10443;9818;10279;11274;10534;10535;10835;10615;11057;10764;11139;10974;10987;11370;11424;12382;12390;13191;13174;13245;13308;11173;11963
Sin Clasificar;SIN CLASIFICAR;MATRICULADOS;;;;;;;;;;;;;;;;;;;;;;;;;;;;;;;;;;;;;;;;;;;;1;170;9728;23792;45454;78620;133512;186950;275555;213282;303881
