IES;MUNICIPIO;TIPO;1998-1;1998-2;1999-1;1999-2;2000-1;2000-2;2001-1;2001-2;2002-1;2002-2;2003-1;2003-2;2004-1;2004-2;2005-1;2005-2;2006-1;2006-2;2007-1;2007-2;2008-1;2008-2;2009-1;2009-2;2010-1;2010-2;2011-1;2011-2;2012-1;2012-2;2013-1;2013-2;2014-1;2014-2;2015-1;2015-2;2016-1;2016-2;2017-1;2017-2;2018-1;2018-2;2019-1;2019-2;2020-1;2020-2;2021-1;2021-2;2022-1;2022-2;2023-1;2023-2;2024-1;2024-2
1104;Palmira;DESERTORES;0;0;50;105;102;122;114;141;72;192;28;204;168;175;214;172;145;163;141;117;216;179;0;194;46;131;126;121;119;147;135;148;164;154;104;124;152;125;144;145;186;150;162;174;136;153;86;132;175;209;145;209;181;151
1122;Buenaventura;DESERTORES;;;;;;0;0;32;85;72;69;90;157;164;113;157;109;146;189;188;191;531;214;502;243;227;213;327;219;325;297;127;217;262;240;296;319;364;283;506;272;278;334;369;220;262;217;272;543;405;205;215;264;345
1203;Cali;DESERTORES;0;0;53;328;172;684;516;1032;1105;1482;1305;1781;1454;1625;1759;2103;2142;2102;2145;10203;1393;1577;2099;3098;1919;1907;2168;1900;2273;1676;2134;1901;1880;1929;2006;1926;1935;1614;1946;1653;1786;1627;2187;2660;2347;1999;1273;2969;1588;2974;2336;2166;2293;2647
1702;Cali;DESERTORES;0;0;102;196;266;294;299;328;342;431;448;422;421;415;409;396;407;479;401;426;416;438;449;433;455;449;373;399;411;477;472;527;426;550;512;483;555;551;594;465;476;465;445;453;397;434;345;308;381;417;372;358;423;333
1716;Cali;DESERTORES;0;0;361;498;527;502;473;490;428;397;388;393;381;329;407;355;374;299;269;274;286;316;314;342;316;334;396;362;409;376;369;444;372;414;346;369;343;381;545;483;330;434;366;224;311;297;361;196;274;240;273;273;178;366
1730;Palmira;DESERTORES;;;;;;;;;0;0;5;3;0;13;2;6;1;24;2;3;12;16;21;17;4;18;14;14;17;19;17;24;15;17;8;9;21;15;14;11;20;20;18;8;17;28;13;24;10;24;13;14;22;23
1805;Cali;DESERTORES;0;0;245;743;750;898;768;1025;1103;691;704;961;1148;964;1079;938;793;698;698;692;899;1118;1091;1385;1111;1155;1215;1617;1349;1063;1058;1125;1117;1383;1562;1276;1334;1231;1365;2336;3776;2035;2087;1373;1237;1712;1601;822;1067;1163;1274;1287;1437;1492
1807;Cali;DESERTORES;0;0;58;328;123;258;333;109;156;524;113;607;373;352;490;612;678;524;458;649;388;483;600;952;375;559;264;693;286;411;281;400;255;436;243;423;321;513;286;237;494;766;318;423;326;567;423;441;364;331;334;330;271;288
1828;Cali;DESERTORES;0;0;0;49;212;0;172;165;146;128;124;126;146;178;165;191;175;204;181;220;220;494;312;303;316;297;301;347;244;348;355;315;316;360;320;333;390;358;422;404;452;313;342;267;242;248;165;169;198;191;211;243;199;204
1829;Palmira;DESERTORES;;;;;;;;;;;;0;0;8;6;29;21;26;58;32;53;64;74;153;93;62;77;158;34;267;484;51;60;78;61;290;112;87;137;183;129;191;34;117;120;130;112;102;177;124;116;102;112;104
1830;Cali;DESERTORES;0;0;175;321;403;358;380;444;458;411;347;425;425;471;492;462;544;583;486;904;534;560;646;696;757;706;675;709;662;798;812;801;785;995;856;779;868;786;923;1013;895;908;863;863;873;857;807;642;676;533;603;597;602;475
2114;Cali;DESERTORES;0;0;8;8;26;36;46;90;174;142;118;120;56;32;90;83;47;75;67;76;78;86;85;40;186;1;134;11;183;108;130;126;128;121;150;133;165;220;240;258;258;322;276;308;229;294;215;161;155;189;132;192;175;181
2206;Cali;DESERTORES;0;0;9;17;13;28;15;31;30;30;29;31;45;46;35;31;48;37;43;46;36;40;57;102;54;40;56;49;68;69;74;87;82;55;73;103;79;74;105;161;78;66;51;53;83;52;31;79;69;60;60;71;69;66
2301;Tuluá;DESERTORES;0;0;63;9;43;12;66;58;139;82;166;129;176;146;252;193;239;188;213;165;312;261;336;313;316;288;341;362;337;307;465;300;339;405;314;236;304;271;351;179;238;298;528;431;359;322;231;220;258;369;355;293;329;289
2731;Cali;DESERTORES;0;0;8;11;6;11;11;19;51;18;29;35;27;22;49;64;62;94;186;187;406;306;310;394;397;328;301;71;182;223;199;187;176;182;292;237;187;273;344;440;347;412;472;465;602;908;877;747;407;535;420;496;410;310
2748;Cali;DESERTORES;;;;;;;;;;;;0;0;0;0;0;8;20;16;7;16;12;31;26;19;74;17;44;60;69;40;60;68;47;51;55;52;46;60;79;120;4;48;53;60;71;67;39;46;31;44;64;28;60
3301;Cali;DESERTORES;0;0;36;120;37;53;89;55;78;98;82;72;171;199;109;147;196;318;359;425;570;827;855;1126;797;749;890;694;873;665;797;667;636;686;810;887;840;868;1003;920;1050;807;939;865;801;889;728;463;660;967;775;796;737;870
3706;Cali;DESERTORES;;;;;;;;;;;;0;0;170;323;374;345;427;834;677;452;596;391;723;615;615;562;637;640;562;572;552;501;134;345;387;328;340;450;507;454;440;518;453;455;454;573;226;264;258;235;193;172;142
3715;Cali;DESERTORES;0;0;39;49;10;19;19;41;63;;;;;;;;;;105;40;124;155;97;112;55;68;63;92;128;84;109;97;86;171;185;148;258;265;225;257;243;185;196;165;178;146;220;240;218;160;103;291;1;
3801;Cartago;DESERTORES;0;0;55;73;36;19;21;16;7;0;12;13;8;17;24;19;35;77;1;47;71;172;9;8;12;68;41;44;52;51;50;217;46;67;79;65;76;70;116;120;106;79;86;119;109;97;119;67;90;93;78;66;85;59
3803;Cali;DESERTORES;;;;;;;;;;;;;;0;0;1;62;88;84;86;99;157;221;215;221;175;289;537;167;140;134;151;159;171;170;225;159;160;232;146;185;128;127;136;297;175;149;78;84;120;79;70;68;60
3805;Cali;DESERTORES;0;0;1;0;0;2;0;1;4;11;5;0;1;1;2;1;29;35;6;52;3;0;1;0;36;13;3;31;3;1;5;7;13;26;20;19;11;13;;;;;;;;;;;;;;;;
3806;Cali;DESERTORES;;;;;;;;;;;;;;;;;;;0;0;47;46;33;58;66;1;59;63;76;147;184;238;223;108;166;173;168;99;93;85;96;94;145;72;65;86;74;27;36;34;30;15;31;25
4101;Roldanillo;DESERTORES;0;0;35;97;99;145;148;130;125;128;110;197;147;151;119;118;151;130;236;275;229;355;456;263;346;164;303;339;183;132;193;152;237;227;215;171;200;394;515;391;260;246;332;301;344;410;351;337;617;396;558;335;508;528
4107;Guadalajara de Buga;DESERTORES;;;;;;;;;0;0;0;0;0;0;0;0;0;0;0;0;125;64;12;65;16;39;75;54;79;45;78;96;163;116;92;22;10;135;47;60;200;57;52;149;276;508;136;173;146;157;188;254;220;412
4109;Cali;DESERTORES;;;;;;;;;;;;;;;;;;;0;0;298;132;133;123;427;439;313;250;453;249;90;561;351;410;595;246;370;226;399;162;196;318;158;159;283;209;291;170;264;649;432;365;332;325
4701;Cali;DESERTORES;0;0;101;31;52;70;67;102;105;90;107;99;115;140;183;172;205;261;273;270;278;367;381;339;393;440;343;399;355;336;432;399;454;471;423;510;455;465;876;487;488;370;306;317;281;370;516;213;301;273;211;272;232;262
4808;Cali;DESERTORES;;;;;;;;;;;;;;;;;;;0;0;2;33;9;9;3;10;30;38;11;2;20;74;75;132;39;25;10;61;82;;139;218;18;4;101;151;187;43;0;8;25;165;30;102
4811;Cali;DESERTORES;;;;;;;;;;;;;;;;;;;;;;;;;;;0;0;1;0;;3;1;10;3;4;5;6;7;20;11;20;16;17;22;34;100;3;12;;9;0;17;11
9103;Cali;DESERTORES;0;0;29;22;19;14;19;10;30;21;21;19;14;20;15;14;14;24;27;19;35;15;64;20;24;11;28;32;35;39;17;33;33;35;68;60;50;80;42;38;33;24;60;26;31;17;18;3;14;29;28;;25;
9906;Cali;DESERTORES;;;;;;;;;;;;;;;;;;;;;;;;;;;;;;0;0;0;38;38;31;15;23;16;22;22;24;19;30;28;19;25;22;15;21;15;17;22;23;13
1104;Palmira;MATRICULADOS;215;369;417;582;652;634;758;981;1007;1127;1574;1762;1842;1936;1906;1863;1894;1904;2012;2022;136;1877;1650;1772;1823;1841;1958;2024;2200;2322;2401;2420;2369;2568;2638;2693;2796;2784;2826;2746;2670;2636;2592;2638;2664;2777;2812;2734;2673;2693;2595;2593;2326;2324
1122;Buenaventura;MATRICULADOS;;;;;;176;338;396;462;505;651;715;635;754;723;828;912;917;1187;1557;1488;1672;1532;1473;1447;1807;1645;1621;1414;1121;1262;1528;1518;1650;1857;2210;2234;2391;2228;2340;2650;2729;2664;2673;2650;2687;2824;2534;2468;2441;2599;2878;2455;2366
1203;Cali;MATRICULADOS;169;1389;1161;4193;4445;8006;8479;11165;11015;13871;13288;16082;16706;19253;19909;21681;21176;22716;14247;17099;17829;19757;17939;19278;21826;21209;23587;21259;23712;21875;23190;22359;23441;21810;22731;21137;23388;24042;23754;23920;25803;25233;26284;25772;14713;29161;21838;29351;29924;29936;31245;30534;26507;26914
1702;Cali;MATRICULADOS;929;1479;1710;2115;2209;2718;2795;3375;3559;4178;4235;4623;4613;4847;4737;4946;4778;5019;4958;5074;5000;5173;5023;5008;4889;5083;5152;5401;5464;5580;5565;5777;5831;6004;6290;6420;6771;6739;6873;6828;6937;6942;6802;6769;6737;6571;6715;6535;6528;6567;6563;6583;5759;5953
1716;Cali;MATRICULADOS;4861;5463;5259;5272;4904;4724;4361;4366;4216;4245;4053;3879;3685;3554;3383;3244;3081;2988;2939;2997;3082;3458;3614;4018;4198;4348;4398;4614;4603;4589;4455;4659;4576;4581;4770;4849;5117;4915;4722;4692;4333;3914;4149;3975;3913;3550;3726;3544;3888;3868;3971;3928;3421;3203
1730;Palmira;MATRICULADOS;;;;;;;;;19;41;51;70;66;91;87;136;114;133;192;207;202;192;166;193;185;185;202;207;212;210;208;213;244;265;284;289;303;326;344;334;331;336;345;365;333;324;319;326;323;343;378;369;304;288
1805;Cali;MATRICULADOS;1382;3537;4387;5937;6239;7349;7465;7357;7860;8639;8426;8263;7788;7167;6697;6441;6255;6242;6949;7696;7810;8155;7954;8441;8514;8979;8767;8092;8415;8542;8628;8710;9083;8888;10093;10400;11634;12397;14435;12808;12870;12713;13457;14254;14318;12465;14834;15393;16578;16841;17872;17895;15593;16528
1807;Cali;MATRICULADOS;248;721;698;1049;1195;1034;775;1911;1872;2355;2226;2211;2390;2388;2344;1943;2273;2343;2811;2989;3407;3531;3149;3174;3101;3121;3118;3361;3728;3899;4127;4295;4358;4530;4735;4788;5306;5522;5816;5671;5080;5225;5042;4894;4825;4517;4350;4265;4522;4400;4391;4300;3709;3562
1828;Cali;MATRICULADOS;129;542;655;377;952;1217;1209;1445;1509;1735;1775;2001;1959;2152;2088;2412;2435;2936;3198;3955;3616;4069;4113;4444;4428;4693;4646;4946;4962;5124;5092;5177;5085;5310;5684;5550;5998;6102;6325;6155;6315;6228;6168;6158;6075;5989;5859;5744;5669;5756;5614;5718;5133;5305
1829;Palmira;MATRICULADOS;;;;;;;;;;;;68;113;161;165;276;325;373;518;609;711;871;942;1108;1242;1403;1226;1503;1532;1011;1054;1025;985;933;770;831;928;975;1025;1067;1092;1060;1345;1543;1656;1669;1805;1799;1961;2104;2128;2044;1785;1848
1830;Cali;MATRICULADOS;906;1757;2113;2379;2568;3283;3529;3881;3967;4488;4628;4942;4989;5095;4993;5066;4765;5005;4640;4953;5055;5485;5540;5844;6036;6133;6291;6631;6866;7025;7256;7682;7860;7957;8636;8947;9634;9844;10046;9930;9795;9632;9429;8920;8645;7737;7456;6887;6735;6598;6445;6392;5360;5822
2114;Cali;MATRICULADOS;42;144;206;369;424;492;526;446;405;373;309;288;454;679;640;698;725;778;886;955;1024;1085;1264;1065;1346;1269;1503;1360;1399;1423;1571;1771;2008;2231;2350;2622;2745;2962;3206;3400;3348;3464;3409;3451;3398;3403;3452;3533;3542;3542;3393;3346;2832;3057
2206;Cali;MATRICULADOS;39;108;143;206;234;285;299;357;375;403;401;462;451;473;468;450;463;510;509;580;599;654;605;657;701;739;734;734;717;714;685;677;693;699;652;649;636;622;616;639;608;663;788;770;740;831;778;759;748;773;735;811;730;776
2301;Tuluá;MATRICULADOS;64;9;43;12;67;58;140;246;686;775;1114;1190;1515;1475;1719;1568;1896;1987;2777;2819;3098;3039;3196;3178;3320;3118;3518;3345;3723;3621;3869;3747;3688;3694;3853;3931;4019;4124;4216;4304;4251;3959;3828;3728;3887;3953;4247;4632;4832;4978;5238;5408;4963;5418
2731;Cali;MATRICULADOS;50;51;60;76;90;98;141;90;138;136;140;151;212;302;350;590;969;862;1266;1322;1376;1509;1549;1288;1074;706;1006;997;1176;970;1254;1326;1665;1534;1993;2399;2615;2752;2837;3722;4261;4343;4697;4786;4424;3554;3173;3394;3241;3150;2969;2531;1959;1756
2748;Cali;MATRICULADOS;;;;;;;;;;;;8;29;40;74;93;92;91;121;136;161;149;131;173;135;275;361;380;395;380;423;386;403;334;360;369;429;424;466;118;379;376;374;363;311;287;269;249;258;252;232;255;186;158
3301;Cali;MATRICULADOS;148;209;170;217;275;226;348;403;381;391;653;733;676;780;968;1346;1854;2224;2926;3877;4360;4755;4543;4636;4786;4237;4699;4448;4719;4412;4927;5217;5840;6091;6497;6656;6960;7013;7211;7118;7416;7311;7611;8336;8583;8370;9366;11113;11270;11680;12233;12811;11261;12425
3706;Cali;MATRICULADOS;;;;;;;;;;;;597;1219;1569;1833;2154;2774;2766;3034;3274;3217;3904;3801;3554;3484;3327;3068;2797;2740;2547;2351;2091;2678;2791;2885;3048;3265;3573;3746;3750;3992;3790;3709;3428;3161;2369;2214;1995;1773;1515;1371;1285;1012;888
3715;Cali;MATRICULADOS;114;103;55;63;72;122;100;105;40;;;;;;;;;;418;445;369;346;272;292;309;378;554;480;487;577;583;850;1037;1090;1407;1468;1519;1699;1503;1385;1300;1197;1196;1047;1051;926;902;753;702;763;1;480;341;
3801;Cartago;MATRICULADOS;204;158;121;89;79;30;10;8;38;33;34;46;49;43;114;153;1;139;71;172;12;19;31;101;144;236;305;390;447;523;399;456;471;452;455;444;479;486;483;433;465;462;482;488;465;380;436;410;450;438;468;444;329;315
3803;Cali;MATRICULADOS;;;;;;;;;;;;;;1;141;223;238;247;337;562;769;888;969;922;1007;940;650;667;748;784;854;860;940;1029;1108;1224;1285;1201;1251;1164;1110;984;999;887;850;652;671;635;564;515;554;555;442;431
3805;Cali;MATRICULADOS;13;42;54;76;94;119;124;158;153;174;179;180;188;149;168;149;102;83;13;11;18;30;65;45;31;41;18;20;29;37;64;73;65;62;52;40;26;14;;;;;;;;;;;;;;;;
3806;Cali;MATRICULADOS;;;;;;;;;;;;;;;;;;;107;100;119;182;166;164;160;217;210;270;267;465;569;556;816;744;689;522;444;344;376;283;379;340;351;350;346;217;242;216;189;169;206;196;156;148
4101;Roldanillo;MATRICULADOS;170;422;528;677;732;758;723;733;729;774;662;641;592;549;588;572;848;912;1167;1363;1446;1433;1408;1124;1261;1007;948;810;966;800;1025;966;956;938;1188;1555;1781;1635;1866;1842;2284;2267;2583;2544;2243;2406;3342;3109;3687;3315;3895;3885;2406;2835
4107;Guadalajara de Buga;MATRICULADOS;;;;;;;;;3;4;4;1;2;91;2;53;2;95;149;69;14;188;129;153;212;182;282;195;300;312;454;372;263;102;198;179;266;300;641;325;494;548;1034;875;593;625;604;564;552;918;1063;1161;657;1165
4109;Cali;MATRICULADOS;;;;;;;;;;;;;;;;;;;429;375;545;532;903;1148;1395;1113;1372;1168;1383;1766;1507;1585;1939;1301;1569;1052;1161;733;709;843;732;729;979;874;918;869;1152;1801;1759;1673;1723;1718;1097;1132
4701;Cali;MATRICULADOS;481;353;415;445;492;574;592;626;685;836;972;1136;1299;1419;1529;1645;1707;1768;1853;2056;2150;2069;2121;2142;2122;2182;2196;2232;2923;2794;3265;3177;3040;3224;3065;2861;2649;2400;2205;2013;2032;1980;1987;1920;1848;1221;1502;1400;1439;1491;1487;1477;1132;1130
4808;Cali;MATRICULADOS;;;;;;;;;;;;;;;;;;;31;37;20;23;32;42;66;83;130;195;262;273;222;156;42;34;92;138;218;189;218;;20;6;381;406;245;63;13;47;105;170;93;156;79;208
4811;Cali;MATRICULADOS;;;;;;;;;;;;;;;;;;;;;;;;;;;8;6;16;14;;10;9;8;19;17;40;65;74;119;152;166;246;288;300;152;167;124;50;;79;79;56;82
9103;Cali;MATRICULADOS;111;82;147;126;200;179;307;231;284;263;285;271;375;359;403;388;419;390;473;438;516;447;477;449;501;466;498;463;507;487;552;519;704;634;739;691;775;731;678;640;606;544;523;484;417;400;490;474;538;507;555;;371;
9906;Cali;MATRICULADOS;;;;;;;;;;;;;;;;;;;;;;;;;;;;;;58;118;125;131;125;147;145;159;163;173;149;172;167;158;163;166;171;177;168;156;138;132;89;58;60
